country,year,disaster_type,num_disasters,total_deaths,total_affected,total_homeless,total_damage_adjusted_usd,avg_magnitude
Afghanistan,2000,Drought,1,37.0,2580000.0,0.0,91000.0,
Afghanistan,2000,Epidemic,4,557.0,2228.0,0.0,0.0,
Afghanistan,2001,Earthquake,1,4.0,0.0,250.0,0.0,5.0
Afghanistan,2001,Epidemic,2,154.0,4425.0,0.0,0.0,
Afghanistan,2001,Extreme temperature,2,327.0,200000.0,0.0,18000.0,-25.0
Afghanistan,2002,Earthquake,3,1200.0,89500.0,10000.0,0.0,6.1000000000000005
Afghanistan,2002,Epidemic,8,2797.0,206834.0,0.0,0.0,
Afghanistan,2002,Flood,4,81.0,5545.0,0.0,0.0,2410.0
Afghanistan,2002,Mass movement (wet),1,5.0,400.0,0.0,0.0,
Afghanistan,2003,Earthquake,1,1.0,0.0,1000.0,0.0,4.6
Afghanistan,2003,Flood,8,136.0,500.0,3250.0,0.0,5531.666666666667
Afghanistan,2004,Earthquake,1,2.0,0.0,1000.0,0.0,5.2
Afghanistan,2004,Flood,2,16.0,2800.0,1700.0,0.0,40435.0
Afghanistan,2005,Earthquake,2,6.0,500.0,0.0,80000.0,7.05
Afghanistan,2005,Epidemic,1,0.0,3245.0,0.0,0.0,
Afghanistan,2005,Extreme temperature,1,21.0,0.0,0.0,0.0,
Afghanistan,2005,Flood,8,283.0,11500.0,6775.0,0.0,101727.5
Afghanistan,2005,Storm,1,260.0,22656.0,0.0,8031000.0,
Afghanistan,2006,Drought,1,0.0,1900000.0,0.0,0.0,
Afghanistan,2006,Earthquake,1,1.0,740.0,195.0,0.0,5.6
Afghanistan,2006,Flood,7,282.0,24775.0,8015.0,0.0,21976.5
Afghanistan,2006,Mass movement (wet),2,28.0,300000.0,0.0,0.0,
Afghanistan,2006,Storm,2,71.0,0.0,0.0,0.0,
Afghanistan,2007,Flood,7,296.0,26755.0,3480.0,0.0,73230.0
Afghanistan,2008,Drought,1,0.0,280000.0,0.0,0.0,
Afghanistan,2008,Epidemic,1,17.0,1100.0,0.0,0.0,
Afghanistan,2008,Extreme temperature,1,1317.0,170502.0,0.0,0.0,
Afghanistan,2008,Flood,1,0.0,1000.0,180.0,0.0,
Afghanistan,2009,Earthquake,1,22.0,0.0,3250.0,0.0,5.2
Afghanistan,2009,Flood,3,69.0,62500.0,0.0,29243000.0,88520.0
Afghanistan,2009,Mass movement (wet),1,10.0,21.0,0.0,0.0,
Afghanistan,2010,Earthquake,1,11.0,0.0,1000.0,0.0,5.6
Afghanistan,2010,Flood,2,135.0,45000.0,0.0,0.0,121304.5
Afghanistan,2010,Mass movement (wet),2,204.0,0.0,0.0,0.0,
Afghanistan,2011,Drought,1,0.0,1750000.0,0.0,198026000.0,
Afghanistan,2011,Flood,2,62.0,3000.0,9700.0,0.0,63337.0
Afghanistan,2011,Storm,1,21.0,0.0,0.0,0.0,
Afghanistan,2012,Earthquake,1,75.0,2965.0,570.0,0.0,5.7
Afghanistan,2012,Extreme temperature,1,45.0,0.0,0.0,0.0,-18.0
Afghanistan,2012,Flood,6,149.0,48394.0,2445.0,0.0,17958.0
Afghanistan,2012,Mass movement (wet),3,111.0,0.0,0.0,0.0,
Afghanistan,2013,Earthquake,1,18.0,3390.0,0.0,0.0,5.5
Afghanistan,2013,Flood,4,113.0,17095.0,0.0,0.0,14653.47
Afghanistan,2013,Mass movement (wet),1,24.0,1000.0,0.0,0.0,
Afghanistan,2014,Flood,2,512.0,140020.0,1900.0,3975000.0,63962.67
Afghanistan,2014,Storm,1,63.0,0.0,0.0,0.0,
Afghanistan,2015,Earthquake,2,115.0,0.0,35040.0,0.0,6.9
Afghanistan,2015,Flood,1,7.0,0.0,3000.0,0.0,
Afghanistan,2015,Mass movement (wet),4,324.0,26575.0,7060.0,3970000.0,
Afghanistan,2016,Flood,4,84.0,0.0,0.0,0.0,
Afghanistan,2017,Flood,1,36.0,500.0,1300.0,0.0,
Afghanistan,2017,Mass movement (wet),2,123.0,0.0,350.0,0.0,
Afghanistan,2017,Storm,2,67.0,9045.0,0.0,0.0,
Afghanistan,2018,Drought,1,0.0,13500000.0,0.0,0.0,
Afghanistan,2018,Flood,3,101.0,4000.0,0.0,0.0,184396.9
Afghanistan,2018,Mass movement (wet),1,12.0,0.0,0.0,0.0,
Afghanistan,2019,Flood,6,171.0,123150.0,7775.0,0.0,287298.02
Afghanistan,2019,Mass movement (wet),1,40.0,0.0,0.0,0.0,
Afghanistan,2020,Flood,5,293.0,35500.0,8375.0,0.0,
Afghanistan,2020,Mass movement (wet),1,22.0,0.0,250.0,0.0,
Afghanistan,2020,Storm,1,13.0,7441.0,0.0,0.0,
Afghanistan,2021,Drought,1,0.0,11000000.0,0.0,0.0,
Afghanistan,2021,Flood,2,376.0,35000.0,0.0,0.0,11286.4
Afghanistan,2021,Mass movement (wet),1,20.0,0.0,0.0,0.0,
Afghanistan,2022,Earthquake,2,1064.0,361634.0,4000.0,0.0,5.6
Afghanistan,2022,Flood,5,252.0,251968.0,14500.0,0.0,
Afghanistan,2022,Mass movement (wet),1,19.0,0.0,0.0,0.0,
Afghanistan,2023,Earthquake,3,2451.0,563265.0,0.0,0.0,6.066666666666666
Afghanistan,2023,Extreme temperature,1,166.0,0.0,0.0,0.0,-33.0
Afghanistan,2023,Flood,2,71.0,127500.0,0.0,0.0,
Afghanistan,2024,Epidemic,1,178.0,0.0,0.0,0.0,
Afghanistan,2024,Extreme temperature,1,1197.0,325205.0,0.0,0.0,-33.0
Afghanistan,2024,Flood,5,611.0,308395.0,3150.0,0.0,
Afghanistan,2024,Mass movement (wet),2,37.0,150.0,0.0,0.0,
Argentina,2000,Extreme temperature,1,15.0,300.0,0.0,0.0,0.0
Argentina,2000,Flood,4,13.0,30000.0,7800.0,546496000.0,
Argentina,2000,Storm,2,1.0,0.0,430.0,0.0,96.0
Argentina,2000,Wildfire,1,8.0,0.0,0.0,0.0,20500.0
Argentina,2001,Extreme temperature,1,14.0,3000.0,0.0,0.0,-28.0
Argentina,2001,Flood,3,1.0,251300.0,0.0,1328690000.0,4200.0
Argentina,2001,Storm,2,20.0,500.0,2000.0,26574000.0,200.0
Argentina,2001,Wildfire,1,0.0,0.0,0.0,0.0,600.0
Argentina,2002,Earthquake,1,0.0,500.0,200.0,0.0,6.0
Argentina,2002,Extreme temperature,1,0.0,200.0,0.0,0.0,
Argentina,2002,Flood,1,4.0,6000.0,0.0,0.0,
Argentina,2002,Storm,1,3.0,5000.0,0.0,0.0,
Argentina,2003,Drought,1,0.0,0.0,0.0,204626000.0,
Argentina,2003,Flood,2,27.0,143000.0,20000.0,1753321000.0,202800.0
Argentina,2003,Storm,1,12.0,900.0,0.0,0.0,
Argentina,2004,Extreme temperature,1,5.0,0.0,0.0,0.0,-11.0
Argentina,2004,Flood,2,5.0,6300.0,0.0,0.0,3230.0
Argentina,2005,Storm,1,11.0,0.0,200.0,0.0,90.0
Argentina,2006,Flood,1,0.0,4500.0,0.0,0.0,
Argentina,2007,Extreme temperature,1,9.0,0.0,0.0,0.0,-3.8
Argentina,2007,Flood,2,10.0,130000.0,5000.0,60516000.0,261000.0
Argentina,2008,Flood,1,0.0,85000.0,0.0,0.0,88120.0
Argentina,2008,Volcanic activity,1,0.0,0.0,0.0,0.0,
Argentina,2009,Drought,1,0.0,0.0,0.0,0.0,
Argentina,2009,Epidemic,1,6.0,13366.0,0.0,0.0,
Argentina,2009,Flood,2,9.0,34128.0,0.0,0.0,415000.0
Argentina,2009,Mass movement (wet),1,4.0,20000.0,0.0,21933000.0,
Argentina,2009,Storm,1,10.0,0.0,0.0,0.0,
Argentina,2010,Extreme temperature,1,42.0,0.0,0.0,0.0,
Argentina,2011,Volcanic activity,1,0.0,3000.0,0.0,145033000.0,
Argentina,2012,Flood,1,6.0,10000.0,0.0,0.0,377212.0
Argentina,2012,Storm,2,19.0,7500.0,2000.0,16396000.0,130.0
Argentina,2013,Flood,1,52.0,350000.0,0.0,1750518000.0,18135.4
Argentina,2013,Storm,1,4.0,0.0,0.0,2693000.0,
Argentina,2014,Flood,3,3.0,7203.0,0.0,82154000.0,69876.78
Argentina,2014,Mass movement (wet),1,24.0,350.0,0.0,0.0,
Argentina,2015,Flood,3,11.0,141133.0,0.0,0.0,133853.0
Argentina,2015,Storm,1,8.0,4500.0,0.0,22764000.0,
Argentina,2015,Volcanic activity,1,0.0,0.0,0.0,0.0,
Argentina,2016,Flood,2,0.0,85769.0,0.0,1309612000.0,
Argentina,2017,Flood,3,1.0,51777.0,0.0,0.0,27377.03
Argentina,2017,Mass movement (wet),1,0.0,2666.0,0.0,0.0,
Argentina,2018,Drought,1,0.0,0.0,0.0,4247367000.0,
Argentina,2018,Flood,3,0.0,63420.0,0.0,0.0,234622.64
Argentina,2018,Storm,1,2.0,1200.0,0.0,0.0,130.0
Argentina,2019,Drought,1,8.0,35000.0,0.0,0.0,
Argentina,2019,Flood,3,6.0,35351.0,0.0,0.0,
Argentina,2020,Flood,1,3.0,3000.0,0.0,12120000.0,
Argentina,2020,Storm,1,0.0,250.0,0.0,0.0,
Argentina,2021,Earthquake,1,0.0,1800.0,0.0,0.0,6.4
Argentina,2021,Flood,1,0.0,90.0,0.0,0.0,
Argentina,2021,Wildfire,1,15.0,1200.0,0.0,0.0,
Argentina,2022,Wildfire,1,0.0,124085.0,0.0,825342000.0,
Argentina,2023,Flood,1,0.0,38000.0,0.0,0.0,
Argentina,2023,Storm,2,13.0,14000.0,0.0,128687000.0,150.0
Argentina,2023,Wildfire,1,0.0,800.0,0.0,0.0,
Argentina,2024,Flood,2,0.0,402400.0,0.0,0.0,
Argentina,2024,Storm,1,1.0,400000.0,0.0,250000000.0,150.0
Australia,2000,Flood,1,0.0,600.0,0.0,482738000.0,112000.0
Australia,2000,Infestation,1,0.0,0.0,0.0,218599000.0,
Australia,2000,Storm,3,1.0,1350.0,0.0,273248000.0,176.66666666666666
Australia,2000,Wildfire,1,0.0,200.0,0.0,0.0,
Australia,2001,Flood,4,4.0,3970.0,0.0,398607000.0,21026.666666666668
Australia,2001,Storm,3,2.0,180.0,0.0,11692000.0,112.0
Australia,2001,Wildfire,2,0.0,4400.0,0.0,159443000.0,2890.0
Australia,2002,Drought,1,0.0,0.0,0.0,3487855000.0,
Australia,2002,Storm,3,0.0,120.0,9.0,0.0,110.0
Australia,2002,Wildfire,1,2.0,0.0,240.0,87196000.0,
Australia,2003,Flood,4,1.0,470.0,0.0,131301000.0,33061.666666666664
Australia,2003,Storm,5,1.0,2040.0,30.0,158585000.0,115.0
Australia,2003,Wildfire,1,4.0,2500.0,0.0,511565000.0,30000.0
Australia,2004,Flood,3,3.0,3620.0,0.0,87189000.0,438123.3333333333
Australia,2004,Infestation,1,0.0,0.0,0.0,0.0,
Australia,2004,Storm,3,3.0,645.0,0.0,99646000.0,
Australia,2005,Flood,1,3.0,3000.0,0.0,93163000.0,
Australia,2005,Storm,2,1.0,1200.0,0.0,67463000.0,124.0
Australia,2005,Wildfire,1,12.0,200.0,0.0,64250000.0,1000.0
Australia,2006,Drought,1,0.0,0.0,0.0,0.0,
Australia,2006,Flood,1,0.0,1100.0,0.0,0.0,39370.0
Australia,2006,Storm,3,0.0,2000.0,7000.0,1839815000.0,262.5
Australia,2006,Wildfire,3,4.0,0.0,141.0,155606000.0,
Australia,2007,Flood,1,9.0,5000.0,0.0,1966774000.0,11380.0
Australia,2007,Storm,1,2.0,730.0,90.0,151290000.0,275.0
Australia,2008,Flood,4,7.0,8400.0,0.0,3008639000.0,210227.5
Australia,2008,Storm,1,1.0,12000.0,0.0,655636000.0,
Australia,2009,Extreme temperature,1,347.0,0.0,0.0,0.0,48.8
Australia,2009,Flood,2,7.0,9200.0,0.0,219325000.0,149300.0
Australia,2009,Storm,2,1.0,15400.0,0.0,87730000.0,130.0
Australia,2009,Wildfire,1,180.0,9454.0,0.0,1900817000.0,3100.0
Australia,2010,Flood,5,35.0,186000.0,0.0,10658393000.0,498786.2
Australia,2010,Storm,3,1.0,0.0,0.0,3912921000.0,140.0
Australia,2011,Flood,1,0.0,217.0,0.0,0.0,114051.0
Australia,2011,Storm,1,1.0,7300.0,0.0,3486375000.0,290.0
Australia,2011,Wildfire,1,0.0,120.0,0.0,75306000.0,
Australia,2012,Flood,2,4.0,16000.0,0.0,803371000.0,761154.0
Australia,2013,Storm,1,6.0,7500.0,0.0,2693105000.0,
Australia,2013,Wildfire,2,3.0,1440.0,0.0,492838000.0,
Australia,2014,Extreme temperature,1,139.0,0.0,0.0,0.0,52.0
Australia,2014,Storm,1,0.0,52527.0,0.0,1325057000.0,
Australia,2014,Wildfire,2,2.0,0.0,270.0,165632000.0,
Australia,2015,Flood,1,6.0,0.0,0.0,529395000.0,
Australia,2015,Storm,4,8.0,1990.0,6048.0,2621828000.0,172.5
Australia,2015,Wildfire,3,2.0,126.0,453.0,464544000.0,
Australia,2016,Epidemic,1,0.0,0.0,0.0,0.0,
Australia,2016,Flood,1,1.0,280.0,0.0,32675000.0,634200.41
Australia,2016,Storm,1,5.0,0.0,0.0,653499000.0,115.0
Australia,2016,Wildfire,1,2.0,0.0,540.0,143770000.0,
Australia,2017,Storm,2,12.0,51000.0,0.0,4082364000.0,263.0
Australia,2017,Wildfire,1,0.0,27.0,114.0,25595000.0,59000.0
Australia,2018,Drought,1,0.0,0.0,0.0,1499071000.0,
Australia,2018,Extreme temperature,1,0.0,0.0,0.0,0.0,49.3
Australia,2018,Flood,1,0.0,600.0,0.0,14241000.0,105583.27
Australia,2019,Flood,1,3.0,9900.0,0.0,2453978000.0,
Australia,2019,Wildfire,2,32.0,2559.0,6927.0,2453978000.0,169967.0
Australia,2020,Flood,1,1.0,0.0,0.0,1454445000.0,
Australia,2020,Storm,2,0.0,0.0,0.0,3272502000.0,
Australia,2021,Flood,4,6.0,19850.0,0.0,2928863000.0,
Australia,2021,Storm,2,1.0,8625.0,0.0,792992000.0,137.5
Australia,2021,Wildfire,1,0.0,0.0,243.0,138918000.0,
Australia,2022,Flood,5,31.0,247200.0,0.0,9053042000.0,
Australia,2023,Flood,4,0.0,1623.0,114.0,0.0,
Australia,2023,Storm,2,10.0,2400.0,0.0,0.0,220.0
Australia,2024,Flood,2,2.0,6200.0,0.0,260000000.0,
Australia,2024,Storm,1,1.0,4400.0,0.0,0.0,
Bangladesh,2000,Earthquake,1,0.0,1000.0,0.0,0.0,4.3
Bangladesh,2000,Epidemic,3,31.0,26214.0,0.0,0.0,
Bangladesh,2000,Extreme temperature,1,49.0,0.0,0.0,0.0,6.4
Bangladesh,2000,Flood,3,43.0,2667138.0,12000.0,910827000.0,8581.0
Bangladesh,2000,Storm,7,99.0,72500.0,73500.0,0.0,92.5
Bangladesh,2001,Extreme temperature,1,6.0,0.0,0.0,0.0,7.0
Bangladesh,2001,Flood,2,9.0,700000.0,0.0,0.0,
Bangladesh,2001,Storm,4,238.0,26000.0,0.0,0.0,110.0
Bangladesh,2002,Epidemic,1,96.0,49904.0,0.0,0.0,
Bangladesh,2002,Extreme temperature,1,700.0,50000.0,0.0,0.0,3.0
Bangladesh,2002,Flood,1,10.0,1500000.0,0.0,0.0,1000.0
Bangladesh,2002,Storm,4,122.0,100000.0,1000.0,0.0,87.5
Bangladesh,2003,Earthquake,1,2.0,2500.0,0.0,0.0,5.7
Bangladesh,2003,Extreme temperature,2,215.0,0.0,0.0,0.0,40.0
Bangladesh,2003,Flood,2,252.0,550000.0,0.0,0.0,4230.0
Bangladesh,2003,Storm,2,51.0,0.0,0.0,0.0,120.0
Bangladesh,2004,Earthquake,1,2.0,0.0,0.0,830377000.0,9.1
Bangladesh,2004,Epidemic,2,32.0,54.0,0.0,0.0,
Bangladesh,2004,Flood,3,761.0,36871500.0,0.0,3653661000.0,21420.0
Bangladesh,2004,Storm,4,239.0,1050.0,14000.0,0.0,120.0
Bangladesh,2005,Extreme temperature,2,100.0,1000.0,0.0,0.0,8.0
Bangladesh,2005,Flood,3,55.0,1150000.0,0.0,0.0,17650.0
Bangladesh,2005,Storm,7,177.0,12000.0,21500.0,0.0,100.0
Bangladesh,2006,Flood,2,0.0,211775.0,0.0,0.0,28080.0
Bangladesh,2006,Storm,5,154.0,14485.0,2400.0,0.0,150.0
Bangladesh,2007,Epidemic,2,86.0,284910.0,0.0,0.0,
Bangladesh,2007,Extreme temperature,1,130.0,100000.0,0.0,0.0,5.0
Bangladesh,2007,Flood,2,1230.0,13851380.0,0.0,172471000.0,7000.0
Bangladesh,2007,Storm,2,4275.0,8923259.0,225.0,3479676000.0,169.0
Bangladesh,2008,Flood,2,28.0,600000.0,35638.0,0.0,59250.0
Bangladesh,2008,Mass movement (wet),1,13.0,0.0,0.0,0.0,
Bangladesh,2008,Storm,2,27.0,0.0,0.0,0.0,90.0
Bangladesh,2009,Drought,1,0.0,0.0,0.0,0.0,
Bangladesh,2009,Extreme temperature,1,135.0,50000.0,0.0,0.0,-6.0
Bangladesh,2009,Flood,2,16.0,500000.0,0.0,0.0,49030.0
Bangladesh,2009,Storm,2,197.0,3947363.0,0.0,394785000.0,95.0
Bangladesh,2010,Flood,2,15.0,575000.0,0.0,0.0,29265.0
Bangladesh,2010,Mass movement (wet),1,66.0,55130.0,0.0,0.0,
Bangladesh,2010,Storm,3,26.0,256910.0,0.0,0.0,120.0
Bangladesh,2011,Extreme temperature,2,62.0,102000.0,0.0,0.0,6.75
Bangladesh,2011,Flood,1,10.0,1570559.0,0.0,0.0,19191.0
Bangladesh,2011,Mass movement (wet),1,17.0,0.0,0.0,0.0,
Bangladesh,2011,Storm,1,13.0,0.0,0.0,0.0,
Bangladesh,2012,Extreme temperature,1,72.0,75000.0,0.0,0.0,7.5
Bangladesh,2012,Flood,2,139.0,5398475.0,0.0,0.0,9560.0
Bangladesh,2012,Storm,2,133.0,129375.0,55000.0,0.0,56.0
Bangladesh,2013,Storm,3,50.0,1531754.0,0.0,26931000.0,
Bangladesh,2014,Flood,2,59.0,3200000.0,0.0,212009000.0,
Bangladesh,2014,Storm,2,20.0,1250.0,4000.0,0.0,
Bangladesh,2015,Earthquake,1,4.0,0.0,0.0,0.0,7.8
Bangladesh,2015,Flood,2,31.0,1391250.0,0.0,52939000.0,
Bangladesh,2015,Mass movement (wet),1,7.0,1000.0,0.0,0.0,
Bangladesh,2015,Storm,4,117.0,2660000.0,0.0,58233000.0,
Bangladesh,2016,Earthquake,1,5.0,0.0,0.0,0.0,6.7
Bangladesh,2016,Flood,1,106.0,1900000.0,0.0,196050000.0,45667.11
Bangladesh,2016,Storm,2,87.0,1083855.0,119700.0,784199000.0,
Bangladesh,2017,Epidemic,1,15.0,0.0,0.0,0.0,
Bangladesh,2017,Flood,2,144.0,8076725.0,9300.0,803675000.0,
Bangladesh,2017,Mass movement (wet),1,160.0,80000.0,0.0,0.0,
Bangladesh,2017,Storm,2,19.0,3300000.0,0.0,0.0,135.0
Bangladesh,2018,Extreme temperature,1,34.0,0.0,0.0,0.0,2.6
Bangladesh,2018,Flood,2,35.0,14000.0,0.0,0.0,3882.39
Bangladesh,2018,Storm,1,33.0,0.0,0.0,0.0,
Bangladesh,2019,Extreme temperature,1,50.0,0.0,0.0,0.0,7.9
Bangladesh,2019,Flood,1,114.0,7600000.0,0.0,92024000.0,
Bangladesh,2019,Mass movement (wet),1,2.0,18000.0,0.0,0.0,
Bangladesh,2019,Storm,3,94.0,251435.0,10000.0,7098000.0,165.0
Bangladesh,2020,Flood,1,257.0,5448271.0,0.0,606019000.0,
Bangladesh,2020,Storm,1,26.0,2600000.0,0.0,1818057000.0,
Bangladesh,2021,Flood,1,21.0,268744.0,0.0,0.0,
Bangladesh,2021,Storm,1,3.0,1300000.0,0.0,0.0,150.0
Bangladesh,2022,Flood,1,141.0,7200000.0,0.0,495741000.0,
Bangladesh,2022,Storm,1,35.0,1000000.0,0.0,0.0,95.0
Bangladesh,2023,Epidemic,1,127.0,0.0,0.0,0.0,
Bangladesh,2023,Flood,1,4.0,1000000.0,0.0,0.0,
Bangladesh,2023,Storm,3,16.0,2250000.0,0.0,258403000.0,165.0
Bangladesh,2024,Extreme temperature,1,10.0,33000000.0,0.0,0.0,38.0
Bangladesh,2024,Flood,3,96.0,11188931.0,0.0,189600000.0,
Bangladesh,2024,Storm,2,18.0,4590000.0,0.0,90700000.0,111.0
Belgium,2002,Flood,3,0.0,2400.0,0.0,0.0,
Belgium,2002,Storm,1,5.0,0.0,0.0,8720000.0,140.0
Belgium,2003,Extreme temperature,1,1175.0,0.0,0.0,0.0,
Belgium,2003,Flood,1,0.0,0.0,0.0,0.0,
Belgium,2005,Extreme temperature,2,2.0,0.0,0.0,0.0,
Belgium,2005,Flood,1,0.0,210.0,0.0,0.0,
Belgium,2006,Extreme temperature,1,940.0,0.0,0.0,0.0,
Belgium,2007,Storm,1,2.0,0.0,0.0,680806000.0,130.0
Belgium,2008,Storm,1,0.0,0.0,0.0,0.0,
Belgium,2009,Extreme temperature,1,1.0,0.0,0.0,0.0,-20.0
Belgium,2010,Flood,1,4.0,690.0,0.0,342591000.0,
Belgium,2010,Storm,2,1.0,0.0,0.0,230172000.0,
Belgium,2011,Storm,1,5.0,0.0,0.0,138060000.0,
Belgium,2012,Extreme temperature,1,3.0,0.0,0.0,0.0,
Belgium,2013,Storm,2,0.0,0.0,0.0,0.0,
Belgium,2014,Storm,1,0.0,0.0,0.0,0.0,
Belgium,2015,Extreme temperature,1,410.0,0.0,0.0,0.0,
Belgium,2016,Flood,1,3.0,0.0,0.0,0.0,
Belgium,2016,Storm,1,1.0,0.0,0.0,0.0,
Belgium,2018,Extreme temperature,1,0.0,0.0,0.0,0.0,
Belgium,2018,Storm,1,1.0,0.0,0.0,0.0,130.0
Belgium,2019,Extreme temperature,3,716.0,0.0,0.0,0.0,36.86666666666667
Belgium,2020,Extreme temperature,1,1687.0,0.0,0.0,0.0,
Belgium,2020,Storm,1,0.0,0.0,0.0,0.0,
Belgium,2021,Flood,1,39.0,1950.0,100000.0,2315306000.0,
Belgium,2021,Storm,2,0.0,0.0,0.0,0.0,
Belgium,2022,Extreme temperature,1,434.0,0.0,0.0,0.0,40.0
Belgium,2022,Storm,1,2.0,0.0,0.0,0.0,
Belgium,2023,Extreme temperature,1,324.0,0.0,0.0,0.0,
Belgium,2023,Flood,1,0.0,3000.0,0.0,0.0,50.0
Belgium,2023,Storm,1,2.0,0.0,0.0,0.0,
Canada,2000,Storm,1,11.0,0.0,700.0,23682000.0,300.0
Canada,2001,Epidemic,1,1.0,399.0,0.0,0.0,
Canada,2001,Storm,1,11.0,0.0,30.0,0.0,120.0
Canada,2001,Wildfire,1,0.0,1200.0,0.0,0.0,
Canada,2002,Epidemic,1,2.0,139.0,0.0,0.0,
Canada,2002,Flood,1,0.0,0.0,0.0,0.0,5530.0
Canada,2002,Wildfire,1,0.0,600.0,0.0,0.0,2670.0
Canada,2003,Flood,4,4.0,2470.0,0.0,59682000.0,5506.666666666667
Canada,2003,Storm,2,2.0,200.0,0.0,187574000.0,143.0
Canada,2003,Wildfire,1,1.0,0.0,0.0,929343000.0,2500.0
Canada,2004,Flood,2,0.0,1000.0,0.0,332151000.0,
Canada,2004,Storm,2,0.0,0.0,0.0,166075000.0,120.0
Canada,2005,Flood,2,4.0,5600.0,0.0,573434000.0,43505.0
Canada,2005,Storm,1,0.0,300.0,0.0,0.0,
Canada,2005,Wildfire,2,0.0,0.0,0.0,0.0,2137.5
Canada,2006,Flood,5,1.0,3900.0,0.0,0.0,18560.0
Canada,2007,Flood,1,0.0,500.0,0.0,0.0,205000.0
Canada,2007,Storm,2,6.0,0.0,0.0,0.0,
Canada,2008,Flood,2,0.0,2400.0,0.0,0.0,13040.0
Canada,2009,Flood,1,0.0,200.0,0.0,0.0,20490.0
Canada,2009,Storm,2,2.0,0.0,0.0,731083000.0,
Canada,2011,Flood,1,5.0,2000.0,0.0,1115640000.0,
Canada,2011,Storm,1,1.0,0.0,0.0,0.0,130.0
Canada,2011,Wildfire,1,1.0,0.0,7000.0,2091825000.0,
Canada,2012,Flood,1,0.0,1500.0,0.0,46453000.0,544053.0
Canada,2012,Storm,2,0.0,0.0,0.0,1434591000.0,
Canada,2013,Extreme temperature,1,10.0,0.0,0.0,269310000.0,
Canada,2013,Flood,1,4.0,100000.0,0.0,7675348000.0,307926.0
Canada,2013,Storm,1,0.0,0.0,0.0,1898639000.0,
Canada,2014,Extreme temperature,1,0.0,0.0,0.0,0.0,-48.0
Canada,2014,Flood,1,0.0,6900.0,0.0,170932000.0,
Canada,2015,Wildfire,1,0.0,13000.0,36.0,0.0,
Canada,2016,Flood,1,0.0,300.0,0.0,0.0,176099.51
Canada,2016,Wildfire,1,0.0,88000.0,0.0,5227992000.0,6000.0
Canada,2017,Flood,2,2.0,19113.0,0.0,255948000.0,79149.2
Canada,2017,Wildfire,1,0.0,43441.0,0.0,0.0,500.0
Canada,2018,Extreme temperature,1,70.0,0.0,0.0,0.0,37.2
Canada,2018,Flood,1,0.0,4000.0,0.0,0.0,78669.36
Canada,2018,Storm,1,0.0,900.0,0.0,405998000.0,250.0
Canada,2018,Wildfire,1,0.0,3000.0,0.0,0.0,
Canada,2019,Flood,1,1.0,19500.0,0.0,981591000.0,
Canada,2019,Storm,1,1.0,0.0,0.0,337422000.0,100.0
Canada,2020,Flood,1,1.0,12936.0,0.0,1575649000.0,
Canada,2020,Storm,1,0.0,60000.0,0.0,1454445000.0,
Canada,2021,Extreme temperature,1,815.0,0.0,0.0,0.0,49.6
Canada,2021,Flood,1,4.0,15000.0,0.0,2315306000.0,
Canada,2021,Storm,1,1.0,300.0,0.0,28941000.0,
Canada,2021,Wildfire,1,2.0,250.0,0.0,93668000.0,
Canada,2022,Flood,2,0.0,2000.0,0.0,38587000.0,
Canada,2022,Storm,4,17.0,4000.0,0.0,191865000.0,
Canada,2023,Extreme temperature,1,2.0,0.0,0.0,169867000.0,-50.0
Canada,2023,Flood,2,6.0,1450.0,0.0,0.0,
Canada,2023,Wildfire,1,2.0,30000.0,0.0,205899000.0,
Canada,2024,Storm,4,2.0,20.0,0.0,7950000000.0,100.0
Canada,2024,Wildfire,3,1.0,3500.0,0.0,1000000000.0,
China,2000,Drought,3,0.0,20000000.0,0.0,1450246000.0,19850.0
China,2000,Earthquake,5,9.0,1814300.0,287959.0,213103000.0,5.279999999999999
China,2000,Flood,8,396.0,709000.0,49000.0,565379000.0,55542.5
China,2000,Mass movement (wet),2,85.0,0.0,2000.0,4372000.0,
China,2000,Storm,10,173.0,2464000.0,62165.0,474214000.0,119.5
China,2001,Drought,2,0.0,16330000.0,0.0,0.0,233000.0
China,2001,Earthquake,5,8.0,175000.0,327000.0,161214000.0,5.38
China,2001,Flood,9,402.0,2094000.0,252630.0,1259598000.0,7094.0
China,2001,Infestation,1,0.0,0.0,0.0,0.0,
China,2001,Mass movement (wet),6,168.0,10000.0,11585.0,106295000.0,
China,2001,Storm,10,344.0,20816148.0,263000.0,6354681000.0,159.5
China,2002,Drought,3,0.0,64560000.0,0.0,2110152000.0,1429.5
China,2002,Earthquake,2,2.0,65830.0,48.0,0.0,5.449999999999999
China,2002,Epidemic,2,20.0,1674.0,0.0,0.0,
China,2002,Extreme temperature,1,7.0,0.0,0.0,0.0,43.0
China,2002,Flood,10,1246.0,113217800.0,2300.0,8246683000.0,86611.25
China,2002,Mass movement (wet),4,63.0,0.0,0.0,0.0,
China,2002,Storm,6,108.0,107402700.0,0.0,380177000.0,
China,2003,Drought,2,0.0,51000000.0,0.0,0.0,254300.0
China,2003,Earthquake,11,317.0,2810053.0,330935.0,854199000.0,5.7
China,2003,Flood,6,662.0,154368000.0,1405726.0,26140366000.0,371885.0
China,2003,Mass movement (wet),2,52.0,0.0,0.0,0.0,
China,2003,Storm,5,61.0,9410000.0,68925.0,917301000.0,
China,2003,Wildfire,1,0.0,0.0,300.0,0.0,
China,2004,Earthquake,5,4.0,309000.0,127199.0,205934000.0,5.279999999999999
China,2004,Extreme temperature,1,39.0,0.0,0.0,0.0,39.0
China,2004,Flood,9,450.0,42702740.0,3073.0,3297429000.0,70793.0
China,2004,Mass movement (dry),1,44.0,0.0,340.0,0.0,
China,2004,Mass movement (wet),1,21.0,100.0,0.0,0.0,
China,2004,Storm,7,249.0,9230000.0,553512.0,3683522000.0,131.66666666666666
China,2005,Drought,2,0.0,7774000.0,0.0,0.0,
China,2005,Earthquake,2,16.0,626000.0,0.0,0.0,5.2
China,2005,Epidemic,1,38.0,168.0,0.0,0.0,
China,2005,Extreme temperature,1,0.0,0.0,0.0,0.0,39.0
China,2005,Flood,11,578.0,34483742.0,268000.0,7486547000.0,76437.27272727272
China,2005,Storm,14,426.0,40767000.0,13000.0,11503889000.0,207.66666666666666
China,2006,Drought,1,134.0,18000000.0,0.0,4528138000.0,
China,2006,Earthquake,6,23.0,267645.0,143760.0,11190000.0,4.766666666666667
China,2006,Flood,20,430.0,14610500.0,379000.0,2625852000.0,47386.22222222222
China,2006,Mass movement (dry),1,11.0,0.0,0.0,0.0,
China,2006,Mass movement (wet),1,11.0,0.0,0.0,0.0,
China,2006,Storm,8,1500.0,55223000.0,108400.0,12229083000.0,216.0
China,2007,Earthquake,1,3.0,0.0,0.0,517413000.0,6.1
China,2007,Flood,10,1010.0,111041600.0,47500.0,7560209000.0,189571.42857142858
China,2007,Mass movement (wet),1,33.0,0.0,0.0,0.0,
China,2007,Storm,6,95.0,9000000.0,4855.0,3993371000.0,240.0
China,2008,Drought,1,0.0,3700000.0,0.0,340931000.0,
China,2008,Earthquake,7,87564.0,46587000.0,414385.0,124559135000.0,6.1571428571428575
China,2008,Extreme temperature,2,145.0,77000000.0,0.0,30742032000.0,11.3
China,2008,Flood,7,352.0,7189000.0,0.0,3485068000.0,114274.0
China,2008,Mass movement (wet),4,323.0,0.0,0.0,0.0,
China,2008,Storm,9,66.0,1649000.0,0.0,2935790000.0,138.0
China,2009,Drought,2,0.0,60160000.0,0.0,5263801000.0,
China,2009,Earthquake,2,1.0,19549.0,50000.0,465116000.0,5.4
China,2009,Flood,7,209.0,45226000.0,0.0,2007556000.0,226850.0
China,2009,Mass movement (wet),5,203.0,0.0,10000.0,203241000.0,
China,2009,Storm,10,169.0,23197799.0,98450.0,5265924000.0,103.0
China,2010,Drought,1,0.0,35000000.0,0.0,3409420000.0,
China,2010,Earthquake,4,2969.0,65000.0,100500.0,725617000.0,5.525
China,2010,Flood,5,1911.0,140194000.0,0.0,26140324000.0,
China,2010,Mass movement (wet),8,2137.0,2147500.0,125.0,1091877000.0,
China,2010,Storm,6,139.0,2880000.0,256000.0,1253050000.0,100.0
China,2010,Wildfire,1,22.0,0.0,0.0,0.0,
China,2011,Earthquake,7,32.0,153601.0,75425.0,483072000.0,5.771428571428571
China,2011,Extreme temperature,1,2.0,3800000.0,233000.0,391869000.0,
China,2011,Flood,5,628.0,93360000.0,0.0,14927443000.0,996368.3333333334
China,2011,Mass movement (wet),2,40.0,0.0,0.0,0.0,
China,2011,Storm,5,44.0,26649800.0,0.0,999313000.0,164.0
China,2012,Earthquake,6,86.0,940870.0,78.0,2114997000.0,5.566666666666666
China,2012,Extreme temperature,1,0.0,50000.0,0.0,27599000.0,
China,2012,Flood,12,622.0,32992000.0,0.0,20453626000.0,947178.0
China,2012,Mass movement (wet),1,19.0,0.0,0.0,0.0,
China,2012,Storm,8,75.0,10492630.0,48540.0,4393947000.0,150.0
China,2013,Drought,1,0.0,5000000.0,0.0,0.0,
China,2013,Earthquake,8,296.0,3491515.0,12540.0,10846883000.0,5.475
China,2013,Extreme temperature,1,40.0,0.0,0.0,0.0,
China,2013,Flood,14,637.0,7594000.0,90000.0,22350882000.0,199373.54333333333
China,2013,Mass movement (dry),1,46.0,0.0,0.0,10772000.0,
China,2013,Mass movement (wet),3,111.0,0.0,0.0,0.0,
China,2013,Storm,15,265.0,11295100.0,50000.0,14525260000.0,127.0
China,2014,Drought,2,0.0,27726000.0,0.0,4876209000.0,
China,2014,Earthquake,8,738.0,2388978.0,2090.0,7473322000.0,5.975
China,2014,Flood,13,473.0,23157500.0,424000.0,12809325000.0,221523.72
China,2014,Mass movement (wet),2,35.0,0.0,385.0,0.0,
China,2014,Storm,16,329.0,11145250.0,64255.0,13343287000.0,133.33333333333334
China,2015,Drought,1,0.0,0.0,0.0,3261072000.0,
China,2015,Earthquake,5,34.0,211640.0,9500.0,43476000.0,6.36
China,2015,Flood,12,310.0,1332440.0,41910.0,9253821000.0,
China,2015,Mass movement (wet),1,38.0,300.0,0.0,0.0,
China,2015,Storm,17,119.0,2153500.0,35800.0,11889799000.0,184.5
China,2016,Drought,1,0.0,10000000.0,0.0,3920994000.0,
China,2016,Earthquake,3,3.0,46200.0,5120.0,262053000.0,5.766666666666667
China,2016,Extreme temperature,1,5.0,0.0,0.0,2091197000.0,-41.0
China,2016,Flood,12,816.0,61252500.0,55500.0,41553387000.0,433715.88000000006
China,2016,Mass movement (wet),3,123.0,237600.0,0.0,914899000.0,
China,2016,Storm,13,340.0,577900.0,24900.0,9964761000.0,122.0
China,2017,Drought,1,0.0,2000000.0,0.0,156128000.0,
China,2017,Earthquake,4,37.0,240900.0,6965.0,682100000.0,5.825
China,2017,Flood,12,231.0,12289500.0,44100.0,10808665000.0,283444.21
China,2017,Mass movement (wet),4,155.0,400.0,750.0,2943000.0,
China,2017,Storm,9,91.0,277400.0,29400.0,9446514000.0,
China,2018,Earthquake,2,0.0,30000.0,0.0,98689000.0,5.05
China,2018,Flood,8,244.0,3698400.0,0.0,5708926000.0,109610.1
China,2018,Storm,12,110.0,4605700.0,4000.0,13335734000.0,
China,2019,Earthquake,3,16.0,291856.0,423.0,1597540000.0,5.266666666666667
China,2019,Flood,6,355.0,4887200.0,0.0,8104264000.0,
China,2019,Mass movement (wet),2,89.0,6640.0,0.0,245398000.0,
China,2019,Storm,4,81.0,153000.0,0.0,12931239000.0,175.0
China,2019,Wildfire,1,30.0,0.0,0.0,0.0,
China,2020,Earthquake,1,4.0,3300.0,0.0,20605000.0,5.1
China,2020,Flood,5,410.0,14274120.0,0.0,26422422000.0,
China,2020,Mass movement (wet),1,4.0,20000.0,0.0,0.0,
China,2020,Storm,4,26.0,627335.0,0.0,1545348000.0,130.0
China,2020,Wildfire,1,19.0,1200.0,0.0,0.0,
China,2021,Drought,1,0.0,0.0,0.0,3588725000.0,
China,2021,Earthquake,5,9.0,88275.0,2437.0,1113662000.0,5.54
China,2021,Flood,4,391.0,17626100.0,0.0,21371435000.0,
China,2021,Storm,7,55.0,171252.0,459.0,3511741000.0,176.0
China,2022,Drought,1,0.0,6100000.0,0.0,8146237000.0,
China,2022,Earthquake,5,122.0,199770.0,0.0,3148092000.0,6.0600000000000005
China,2022,Flood,4,124.0,9200.0,0.0,5359367000.0,
China,2022,Mass movement (wet),1,13.0,0.0,0.0,0.0,
China,2022,Storm,1,24.0,0.0,0.0,496277000.0,144.0
China,2023,Drought,1,0.0,0.0,0.0,2779637000.0,
China,2023,Earthquake,3,151.0,608400.0,378.0,1096412000.0,5.533333333333334
China,2023,Flood,7,138.0,1359000.0,14000.0,97802000.0,
China,2023,Mass movement (wet),2,35.0,953.0,0.0,0.0,
China,2023,Storm,4,62.0,880849.0,0.0,26447730000.0,185.0
China,2024,Drought,1,0.0,0.0,0.0,970000000.0,
China,2024,Earthquake,1,6.0,12426.0,141.0,430000000.0,5.6
China,2024,Flood,5,168.0,120639.0,0.0,1650000000.0,
China,2024,Mass movement (wet),3,107.0,500.0,0.0,0.0,
China,2024,Storm,7,153.0,9423.0,0.0,4222200000.0,198.75
China,2024,Wildfire,1,4.0,4900.0,0.0,0.0,
Croatia,2000,Extreme temperature,1,40.0,0.0,0.0,437197000.0,35.0
Croatia,2000,Wildfire,1,1.0,0.0,0.0,32334000.0,203.0
Croatia,2001,Flood,1,0.0,1200.0,0.0,0.0,100.0
Croatia,2003,Drought,1,0.0,0.0,0.0,562722000.0,
Croatia,2003,Extreme temperature,1,788.0,0.0,0.0,0.0,
Croatia,2003,Wildfire,1,0.0,0.0,0.0,34104000.0,6.0
Croatia,2005,Extreme temperature,1,5.0,0.0,0.0,0.0,-20.0
Croatia,2005,Flood,1,0.0,250.0,0.0,0.0,
Croatia,2005,Storm,1,2.0,0.0,0.0,0.0,
Croatia,2006,Flood,1,0.0,0.0,0.0,0.0,
Croatia,2007,Wildfire,2,12.0,0.0,0.0,0.0,
Croatia,2010,Flood,2,0.0,5210.0,0.0,115086000.0,
Croatia,2012,Extreme temperature,2,7.0,0.0,0.0,0.0,
Croatia,2012,Flood,1,0.0,1500.0,0.0,0.0,
Croatia,2014,Flood,2,3.0,9616.0,0.0,0.0,
Croatia,2015,Flood,1,0.0,1200.0,0.0,0.0,100.0
Croatia,2017,Storm,1,0.0,8000.0,0.0,206038000.0,
Croatia,2017,Wildfire,1,0.0,0.0,0.0,0.0,45.0
Croatia,2018,Flood,1,0.0,450.0,21.0,0.0,
Croatia,2019,Flood,1,1.0,60.0,0.0,0.0,
Croatia,2020,Earthquake,2,9.0,209371.0,18915.0,15784851000.0,5.9
Croatia,2022,Extreme temperature,1,731.0,0.0,0.0,0.0,40.0
Croatia,2022,Flood,1,0.0,0.0,0.0,0.0,
Croatia,2023,Extreme temperature,1,561.0,0.0,0.0,0.0,
Croatia,2023,Flood,1,0.0,177.0,0.0,0.0,
Croatia,2023,Storm,1,1.0,6000.0,0.0,0.0,
France,2000,Flood,5,5.0,9300.0,0.0,0.0,30.0
France,2000,Storm,1,6.0,0.0,200.0,0.0,100.0
France,2001,Flood,5,3.0,19091.0,0.0,234469000.0,43655.0
France,2001,Storm,2,14.0,300.0,0.0,0.0,149.0
France,2002,Flood,2,25.0,12800.0,0.0,2075273000.0,10480.0
France,2002,Storm,2,5.0,250.0,0.0,1744000.0,
France,2003,Extreme temperature,1,19490.0,0.0,0.0,7502956000.0,43.0
France,2003,Flood,2,10.0,27000.0,0.0,2557826000.0,
France,2003,Storm,2,6.0,0.0,0.0,85000.0,160.0
France,2003,Wildfire,1,5.0,3000.0,0.0,0.0,180.0
France,2004,Storm,1,11.0,0.0,0.0,0.0,
France,2005,Extreme temperature,2,8.0,0.0,0.0,0.0,
France,2005,Flood,2,3.0,4000.0,0.0,0.0,5905.0
France,2005,Wildfire,1,2.0,0.0,0.0,16063000.0,35.5
France,2006,Extreme temperature,1,1388.0,0.0,0.0,0.0,37.0
France,2006,Storm,2,5.0,600.0,0.0,0.0,133.0
France,2007,Storm,3,5.0,1200.0,0.0,378226000.0,
France,2008,Storm,2,3.0,2100.0,600.0,116557000.0,215.0
France,2009,Extreme temperature,3,7.0,0.0,0.0,0.0,-24.0
France,2009,Storm,1,11.0,0.0,0.0,4678934000.0,171.0
France,2009,Wildfire,1,0.0,0.0,0.0,0.0,
France,2010,Extreme temperature,1,3.0,0.0,0.0,0.0,
France,2010,Flood,1,26.0,1000.0,0.0,2157861000.0,
France,2010,Storm,2,53.0,500000.0,0.0,6085167000.0,161.0
France,2011,Flood,1,6.0,2300.0,0.0,0.0,
France,2011,Storm,1,0.0,0.0,0.0,0.0,140.0
France,2012,Extreme temperature,1,12.0,0.0,0.0,0.0,
France,2013,Flood,2,4.0,9350.0,0.0,881992000.0,
France,2013,Storm,2,2.0,0.0,0.0,0.0,141.0
France,2014,Flood,3,12.0,9800.0,0.0,401492000.0,
France,2014,Storm,4,8.0,0.0,0.0,241160000.0,150.0
France,2015,Extreme temperature,1,3275.0,0.0,0.0,0.0,40.0
France,2015,Flood,1,20.0,0.0,0.0,1222902000.0,2895.95
France,2015,Storm,1,3.0,750.0,0.0,0.0,130.0
France,2016,Flood,1,4.0,20000.0,0.0,3136795000.0,
France,2017,Flood,1,1.0,160.0,0.0,0.0,
France,2017,Storm,1,2.0,0.0,0.0,703856000.0,193.0
France,2017,Wildfire,1,0.0,12000.0,0.0,0.0,72.0
France,2018,Extreme temperature,2,3.0,0.0,0.0,0.0,38.0
France,2018,Flood,2,15.0,4990.0,0.0,889449000.0,
France,2018,Storm,3,6.0,0.0,0.0,249845000.0,160.0
France,2019,Earthquake,1,0.0,750.0,0.0,0.0,5.3
France,2019,Extreme temperature,2,1435.0,0.0,0.0,0.0,44.8
France,2019,Flood,2,8.0,1100.0,0.0,0.0,
France,2019,Storm,5,8.0,1365.0,0.0,509201000.0,184.5
France,2020,Extreme temperature,1,1924.0,0.0,0.0,0.0,
France,2020,Flood,3,2.0,905.0,0.0,64238000.0,
France,2020,Storm,4,18.0,14730.0,0.0,1172040000.0,
France,2021,Extreme temperature,1,0.0,0.0,0.0,6482858000.0,
France,2021,Flood,6,2.0,2140.0,0.0,38203000.0,
France,2021,Storm,2,0.0,255.0,0.0,0.0,150.0
France,2022,Drought,1,0.0,0.0,0.0,0.0,
France,2022,Extreme temperature,1,4807.0,0.0,0.0,0.0,42.0
France,2022,Storm,4,6.0,60300.0,0.0,0.0,
France,2023,Earthquake,1,0.0,750.0,0.0,458125000.0,4.8
France,2023,Extreme temperature,1,2734.0,0.0,0.0,0.0,42.8
France,2023,Flood,2,1.0,9548.0,0.0,1698667000.0,30.0
France,2023,Storm,3,2.0,0.0,517000.0,41180000.0,161.33333333333334
France,2023,Wildfire,1,0.0,90.0,0.0,0.0,
France,2024,Flood,2,1.0,3235.0,0.0,0.0,
France,2024,Storm,2,8.0,0.0,0.0,0.0,100.0
Germany,2001,Storm,1,6.0,0.0,0.0,531476000.0,100.0
Germany,2002,Epidemic,1,0.0,600.0,0.0,0.0,
Germany,2002,Flood,1,27.0,330000.0,0.0,20229557000.0,
Germany,2002,Storm,3,22.0,0.0,0.0,3575051000.0,165.0
Germany,2003,Extreme temperature,1,9355.0,0.0,0.0,2813609000.0,
Germany,2003,Storm,2,15.0,0.0,0.0,511565000.0,
Germany,2004,Earthquake,1,0.0,150.0,0.0,19929000.0,4.8
Germany,2004,Storm,1,2.0,0.0,0.0,215898000.0,200.0
Germany,2005,Extreme temperature,1,1.0,0.0,0.0,481878000.0,
Germany,2005,Flood,2,1.0,450.0,0.0,353377000.0,
Germany,2005,Storm,1,2.0,0.0,0.0,433690000.0,181.0
Germany,2006,Extreme temperature,2,12.0,0.0,0.0,0.0,-20.0
Germany,2006,Flood,1,3.0,1000.0,0.0,0.0,
Germany,2006,Storm,3,11.0,0.0,0.0,0.0,
Germany,2007,Flood,1,1.0,0.0,0.0,0.0,
Germany,2007,Storm,2,18.0,0.0,0.0,8320965000.0,200.0
Germany,2008,Storm,2,8.0,0.0,0.0,3933814000.0,220.0
Germany,2009,Extreme temperature,2,15.0,0.0,0.0,0.0,-29.8
Germany,2009,Flood,1,0.0,0.0,0.0,29243000.0,
Germany,2009,Storm,1,1.0,0.0,0.0,73108000.0,
Germany,2010,Extreme temperature,1,1.0,0.0,0.0,0.0,
Germany,2010,Flood,1,3.0,1400.0,0.0,0.0,
Germany,2010,Storm,2,4.0,0.0,0.0,1438574000.0,130.0
Germany,2012,Extreme temperature,2,6.0,0.0,0.0,0.0,
Germany,2013,Flood,1,14.0,600000.0,0.0,17370526000.0,
Germany,2013,Storm,3,7.0,0.0,0.0,6463451000.0,160.0
Germany,2014,Storm,2,8.0,0.0,0.0,530023000.0,
Germany,2016,Flood,1,7.0,0.0,0.0,2613996000.0,91554.92
Germany,2017,Flood,1,1.0,600.0,0.0,0.0,
Germany,2017,Storm,2,5.0,0.0,0.0,1150484000.0,
Germany,2018,Extreme temperature,1,0.0,0.0,0.0,0.0,38.0
Germany,2018,Storm,1,5.0,0.0,0.0,735138000.0,130.0
Germany,2019,Extreme temperature,2,4.0,0.0,0.0,0.0,40.05
Germany,2019,Storm,1,1.0,0.0,0.0,0.0,
Germany,2020,Storm,1,0.0,0.0,0.0,0.0,
Germany,2021,Flood,1,226.0,0.0,0.0,46306127000.0,8488.83
Germany,2021,Storm,2,1.0,600.0,0.0,0.0,100.0
Germany,2022,Extreme temperature,1,8173.0,0.0,0.0,0.0,40.3
Germany,2022,Storm,3,7.0,0.0,0.0,1096694000.0,152.0
Germany,2023,Extreme temperature,1,6376.0,0.0,0.0,0.0,
Germany,2023,Storm,3,4.0,0.0,0.0,0.0,
Germany,2024,Flood,1,12.0,3398.0,0.0,4500000000.0,
India,2000,Drought,1,20.0,50000000.0,0.0,1071133000.0,
India,2000,Epidemic,8,242.0,1851.0,0.0,0.0,
India,2000,Extreme temperature,1,275.0,0.0,0.0,0.0,
India,2000,Flood,6,2086.0,50134035.0,252000.0,1653151000.0,99497.8
India,2000,Mass movement (wet),3,187.0,7000.0,0.0,0.0,
India,2000,Storm,1,0.0,30000.0,0.0,0.0,120.0
India,2001,Earthquake,1,20005.0,4365000.0,1790000.0,4646872000.0,7.7
India,2001,Epidemic,4,89.0,58889.0,0.0,0.0,
India,2001,Extreme temperature,2,173.0,0.0,0.0,0.0,-22.0
India,2001,Flood,9,581.0,20610000.0,0.0,641179000.0,36706.666666666664
India,2001,Mass movement (wet),3,98.0,0.0,0.0,0.0,
India,2001,Storm,2,99.0,25000.0,2000.0,0.0,
India,2002,Drought,1,0.0,300000000.0,0.0,1588233000.0,560000.0
India,2002,Earthquake,1,2.0,0.0,200.0,0.0,6.5
India,2002,Epidemic,4,180.0,5150.0,0.0,0.0,
India,2002,Extreme temperature,2,1930.0,0.0,0.0,0.0,27.5
India,2002,Flood,6,735.0,42008200.0,0.0,88543000.0,93030.0
India,2002,Storm,4,144.0,10000.0,5000.0,725000.0,70.0
India,2003,Epidemic,1,0.0,2185.0,0.0,0.0,
India,2003,Extreme temperature,2,1610.0,0.0,0.0,682087000.0,49.0
India,2003,Flood,6,452.0,7560000.0,4500.0,288182000.0,117900.0
India,2003,Mass movement (wet),1,25.0,0.0,0.0,0.0,
India,2003,Storm,7,164.0,294905.0,231845.0,75029000.0,100.0
India,2004,Earthquake,1,16389.0,647599.0,0.0,1698620000.0,9.1
India,2004,Flood,6,1348.0,33101000.0,105000.0,4610255000.0,9000.0
India,2005,Earthquake,1,1309.0,0.0,150000.0,1606259000.0,7.6
India,2005,Epidemic,5,750.0,157556.0,0.0,0.0,300000.0
India,2005,Extreme temperature,2,509.0,0.0,0.0,0.0,25.5
India,2005,Flood,17,2129.0,28025000.0,256500.0,9942741000.0,156491.0
India,2005,Mass movement (wet),2,262.0,5000.0,0.0,80313000.0,
India,2005,Storm,4,82.0,11000.0,57500.0,0.0,
India,2006,Extreme temperature,1,47.0,0.0,0.0,0.0,
India,2006,Flood,17,1194.0,3234000.0,4000000.0,5275047000.0,130142.72727272728
India,2006,Storm,2,190.0,0.0,150000.0,0.0,
India,2007,Extreme temperature,3,185.0,0.0,0.0,0.0,23.4
India,2007,Flood,16,2051.0,38143000.0,0.0,569080000.0,139621.42857142858
India,2007,Storm,1,0.0,0.0,0.0,0.0,
India,2008,Extreme temperature,1,70.0,0.0,0.0,0.0,4.0
India,2008,Flood,8,1590.0,11589018.0,2400000.0,211260000.0,186956.0
India,2008,Mass movement (wet),1,37.0,0.0,0.0,0.0,
India,2008,Storm,1,111.0,0.0,0.0,36424000.0,110.0
India,2009,Drought,1,0.0,0.0,0.0,0.0,
India,2009,Epidemic,1,311.0,1521.0,0.0,0.0,
India,2009,Extreme temperature,1,120.0,0.0,0.0,0.0,48.0
India,2009,Flood,6,1500.0,5986000.0,0.0,3558915000.0,172715.0
India,2009,Mass movement (wet),2,55.0,0.0,0.0,0.0,
India,2009,Storm,6,218.0,5105000.0,4000.0,438650000.0,110.0
India,2010,Extreme temperature,2,350.0,0.0,0.0,0.0,20.0
India,2010,Flood,8,690.0,3372183.0,400000.0,3091495000.0,67859.42857142857
India,2010,Mass movement (wet),1,17.0,0.0,0.0,0.0,
India,2010,Storm,7,287.0,0.0,507000.0,0.0,105.0
India,2011,Earthquake,1,112.0,500000.0,75000.0,0.0,6.9
India,2011,Extreme temperature,2,212.0,0.0,0.0,0.0,-10.1
India,2011,Flood,7,608.0,12004069.0,0.0,2310769000.0,46600.4
India,2011,Storm,3,106.0,0.0,250000.0,523828000.0,140.0
India,2012,Extreme temperature,2,264.0,0.0,0.0,0.0,
India,2012,Flood,6,279.0,4210860.0,37500.0,333371000.0,91658.0
India,2012,Mass movement (dry),1,16.0,0.0,0.0,0.0,
India,2012,Storm,1,40.0,70000.0,0.0,0.0,
India,2013,Earthquake,1,3.0,59280.0,0.0,161586000.0,5.7
India,2013,Extreme temperature,1,557.0,0.0,0.0,0.0,46.0
India,2013,Flood,5,6453.0,3415000.0,0.0,1834005000.0,84881.335
India,2013,Storm,5,106.0,13230000.0,0.0,1205799000.0,132.5
India,2014,Extreme temperature,3,180.0,0.0,0.0,0.0,-2.95
India,2014,Flood,7,622.0,4572500.0,650000.0,21817062000.0,55557.485
India,2014,Mass movement (wet),1,151.0,0.0,200.0,0.0,
India,2014,Storm,5,119.0,931480.0,0.0,9275398000.0,215.0
India,2015,Drought,1,0.0,330000000.0,0.0,3970461000.0,
India,2015,Earthquake,3,98.0,0.0,0.0,0.0,7.533333333333334
India,2015,Extreme temperature,1,2248.0,0.0,0.0,0.0,48.0
India,2015,Flood,10,839.0,16358337.0,54097.0,3811642000.0,153433.72166666668
India,2015,Mass movement (wet),1,3.0,9000.0,0.0,0.0,
India,2015,Storm,6,212.0,135000.0,0.0,1414807000.0,150.0
India,2016,Earthquake,1,8.0,10500.0,0.0,98025000.0,6.7
India,2016,Extreme temperature,1,300.0,0.0,0.0,0.0,51.0
India,2016,Flood,8,666.0,1806000.0,2000000.0,1959191000.0,114565.12666666666
India,2016,Mass movement (wet),2,20.0,0.0,0.0,0.0,
India,2016,Storm,3,128.0,0.0,0.0,1306998000.0,140.0
India,2016,Wildfire,1,7.0,0.0,0.0,0.0,
India,2017,Extreme temperature,1,264.0,0.0,0.0,0.0,48.0
India,2017,Flood,9,1046.0,22271831.0,0.0,2709204000.0,50536.26
India,2017,Mass movement (wet),3,96.0,0.0,100.0,0.0,
India,2017,Storm,5,940.0,63220.0,60000.0,0.0,130.0
India,2018,Drought,1,0.0,8200000.0,0.0,1374148000.0,
India,2018,Extreme temperature,1,44.0,0.0,0.0,0.0,4.2
India,2018,Flood,9,710.0,23084579.0,223050.0,3579006000.0,
India,2018,Storm,11,625.0,853000.0,0.0,2678340000.0,109.2
India,2018,Wildfire,1,17.0,0.0,0.0,0.0,
India,2019,Epidemic,2,121.0,0.0,0.0,0.0,
India,2019,Extreme temperature,2,112.0,0.0,0.0,0.0,42.2
India,2019,Flood,5,2023.0,3070000.0,0.0,12269892000.0,
India,2019,Storm,5,172.0,20130000.0,0.0,2220850000.0,
India,2020,Flood,5,2104.0,1485000.0,0.0,13950554000.0,
India,2020,Mass movement (wet),2,91.0,155850.0,0.0,0.0,
India,2020,Storm,4,121.0,18007500.0,0.0,18083603000.0,152.5
India,2021,Earthquake,1,2.0,3000.0,0.0,0.0,6.4
India,2021,Flood,9,1557.0,1324077.0,450.0,3704490000.0,
India,2021,Glacial lake outburst flood,2,250.0,0.0,0.0,243107000.0,
India,2021,Mass movement (wet),2,68.0,0.0,0.0,0.0,
India,2021,Storm,5,249.0,2505650.0,0.0,5093674000.0,141.75
India,2022,Extreme temperature,1,25.0,0.0,0.0,0.0,45.0
India,2022,Flood,3,2098.0,2100000.0,0.0,4501868000.0,
India,2022,Mass movement (wet),1,67.0,0.0,0.0,0.0,
India,2022,Storm,2,20.0,95000.0,0.0,0.0,
India,2023,Extreme temperature,2,190.0,0.0,0.0,0.0,41.5
India,2023,Flood,5,1624.0,10750005.0,0.0,3088000.0,
India,2023,Glacial lake outburst flood,1,178.0,88400.0,0.0,0.0,
India,2023,Mass movement (wet),3,64.0,605.0,200.0,0.0,
India,2023,Storm,6,79.0,4402060.0,0.0,128687000.0,117.5
India,2024,Extreme temperature,1,733.0,0.0,0.0,0.0,50.5
India,2024,Flood,6,285.0,12807150.0,0.0,0.0,
India,2024,Mass movement (wet),2,388.0,90.0,3000.0,140000000.0,
India,2024,Storm,6,101.0,6018953.0,115.0,73300000.0,100.0
Iran,2000,Earthquake,2,1.0,2500.0,500.0,0.0,5.1
Iran,2000,Epidemic,1,76.0,0.0,0.0,0.0,
Iran,2000,Flood,1,8.0,400.0,0.0,10930000.0,16200.0
Iran,2000,Storm,1,3.0,0.0,5500.0,0.0,120.0
Iran,2001,Earthquake,1,0.0,1000.0,0.0,0.0,4.9
Iran,2001,Flood,4,476.0,1205250.0,0.0,183891000.0,28717.5
Iran,2002,Earthquake,5,230.0,145750.0,0.0,523178000.0,5.62
Iran,2002,Flood,3,61.0,200000.0,4500.0,109972000.0,38086.666666666664
Iran,2002,Wildfire,1,0.0,0.0,0.0,0.0,300.0
Iran,2003,Earthquake,5,26797.0,208550.0,65760.0,889554000.0,5.5600000000000005
Iran,2003,Flood,1,0.0,0.0,1370.0,1429000.0,3000.0
Iran,2003,Mass movement (wet),1,20.0,0.0,0.0,0.0,
Iran,2004,Earthquake,1,35.0,220.0,0.0,274025000.0,6.3
Iran,2004,Flood,1,34.0,0.0,4000.0,0.0,436700.0
Iran,2004,Storm,1,0.0,2500.0,0.0,399000.0,
Iran,2005,Earthquake,4,625.0,115267.0,0.0,128501000.0,5.925000000000001
Iran,2005,Flood,4,109.0,3000.0,1750.0,0.0,10840.0
Iran,2005,Storm,1,0.0,8000.0,0.0,0.0,
Iran,2006,Earthquake,3,63.0,167000.0,0.0,65762000.0,5.7
Iran,2006,Flood,1,14.0,2800.0,0.0,24897000.0,18310.0
Iran,2007,Flood,1,12.0,0.0,0.0,33284000.0,11600.0
Iran,2007,Storm,1,12.0,185000.0,0.0,0.0,220.0
Iran,2008,Earthquake,2,6.0,20500.0,0.0,0.0,5.3
Iran,2008,Flood,2,22.0,1400.0,0.0,0.0,7096.0
Iran,2008,Storm,1,28.0,0.0,0.0,0.0,
Iran,2009,Earthquake,1,0.0,0.0,0.0,0.0,5.0
Iran,2010,Earthquake,5,10.0,750.0,3500.0,0.0,5.58
Iran,2012,Earthquake,3,312.0,65040.0,0.0,683139000.0,5.766666666666667
Iran,2012,Flood,1,7.0,1000.0,0.0,0.0,11490.0
Iran,2013,Earthquake,3,45.0,3500.0,1500.0,807931000.0,6.633333333333333
Iran,2014,Earthquake,2,1.0,300.0,12000.0,59627000.0,5.6
Iran,2014,Flood,1,37.0,440000.0,0.0,64928000.0,305525.0
Iran,2015,Flood,5,52.0,24400.0,2000.0,841737000.0,776608.03
Iran,2016,Storm,1,4.0,0.0,2000.0,0.0,
Iran,2017,Earthquake,3,449.0,200000.0,1845.0,949565000.0,5.933333333333334
Iran,2017,Flood,2,60.0,2000.0,0.0,496538000.0,40807.87
Iran,2018,Earthquake,3,2.0,14755.0,3000.0,24984000.0,6.066666666666666
Iran,2018,Flood,1,9.0,6990.0,0.0,207371000.0,340197.41
Iran,2019,Earthquake,2,7.0,22500.0,2000.0,110429000.0,5.800000000000001
Iran,2019,Flood,3,76.0,10000100.0,0.0,3165632000.0,
Iran,2020,Earthquake,1,0.0,15000.0,0.0,0.0,5.8
Iran,2020,Flood,6,40.0,228540.0,0.0,2857985000.0,216986.62
Iran,2020,Infestation,1,0.0,0.0,0.0,0.0,
Iran,2020,Mass movement (wet),1,12.0,0.0,0.0,0.0,
Iran,2021,Drought,1,0.0,4900000.0,0.0,0.0,
Iran,2021,Earthquake,3,3.0,297682.0,0.0,202590000.0,5.933333333333334
Iran,2021,Flood,1,11.0,1810.0,0.0,0.0,
Iran,2021,Storm,2,12.0,2600.0,0.0,0.0,
Iran,2022,Earthquake,2,5.0,33504.0,150.0,153278000.0,5.85
Iran,2022,Flood,3,98.0,164775.0,0.0,215447000.0,
Iran,2023,Earthquake,3,3.0,302813.0,0.0,313996000.0,5.733333333333333
Iran,2023,Storm,3,6.0,400.0,0.0,0.0,
Iran,2024,Earthquake,1,4.0,0.0,0.0,0.0,4.9
Iran,2024,Flood,4,44.0,304837.0,0.0,0.0,
Iraq,2003,Epidemic,1,0.0,17227.0,0.0,0.0,
Iraq,2006,Flood,2,20.0,59890.0,0.0,2023000.0,48800.0
Iraq,2007,Epidemic,1,24.0,4696.0,0.0,0.0,
Iraq,2008,Epidemic,1,11.0,892.0,0.0,0.0,
Iraq,2008,Flood,1,4.0,0.0,600.0,0.0,3310.0
Iraq,2009,Flood,1,2.0,3000.0,0.0,0.0,
Iraq,2011,Flood,1,6.0,0.0,2000.0,0.0,
Iraq,2012,Flood,1,4.0,0.0,0.0,0.0,
Iraq,2013,Flood,1,11.0,0.0,0.0,0.0,
Iraq,2015,Epidemic,1,0.0,0.0,0.0,0.0,
Iraq,2015,Flood,1,58.0,65000.0,0.0,0.0,
Iraq,2017,Earthquake,1,10.0,5500.0,0.0,0.0,7.3
Iraq,2018,Flood,1,21.0,25000.0,0.0,0.0,
Iraq,2019,Flood,1,10.0,5865.0,0.0,0.0,
Iraq,2020,Flood,1,8.0,1500.0,0.0,121204000.0,
Iraq,2021,Drought,1,0.0,7000000.0,0.0,0.0,
Iraq,2021,Flood,2,16.0,10700.0,0.0,16207000.0,
Iraq,2022,Storm,1,1.0,0.0,0.0,0.0,
Iraq,2023,Storm,1,3.0,0.0,0.0,0.0,
Iraq,2024,Flood,1,3.0,18000.0,0.0,0.0,
Israel,2000,Epidemic,1,12.0,139.0,0.0,0.0,
Israel,2000,Extreme temperature,1,0.0,0.0,0.0,0.0,45.0
Israel,2000,Storm,1,3.0,410.0,0.0,5010000.0,100.0
Israel,2010,Flood,1,2.0,0.0,0.0,0.0,
Israel,2010,Wildfire,1,44.0,20000.0,0.0,388415000.0,
Israel,2013,Storm,1,4.0,2000000.0,0.0,0.0,
Israel,2015,Storm,1,0.0,0.0,0.0,0.0,
Israel,2016,Wildfire,1,0.0,60000.0,0.0,679639000.0,
Israel,2018,Flood,1,12.0,0.0,0.0,0.0,17900.1
Israel,2020,Flood,1,7.0,0.0,0.0,702982000.0,
Israel,2020,Wildfire,1,0.0,21.0,0.0,0.0,
Italy,2000,Flood,4,44.0,50300.0,0.0,14664319000.0,
Italy,2001,Flood,1,2.0,0.0,0.0,177159000.0,69.0
Italy,2001,Storm,1,0.0,0.0,0.0,310028000.0,
Italy,2001,Volcanic activity,1,0.0,0.0,0.0,5492000.0,
Italy,2002,Drought,1,0.0,0.0,0.0,0.0,
Italy,2002,Earthquake,3,32.0,0.0,9500.0,2260130000.0,5.3999999999999995
Italy,2002,Epidemic,1,3.0,9997.0,0.0,0.0,
Italy,2002,Flood,3,2.0,10000.0,0.0,1039380000.0,29900.0
Italy,2003,Earthquake,1,0.0,230.0,0.0,957227000.0,5.0
Italy,2003,Extreme temperature,1,20089.0,0.0,0.0,7502956000.0,
Italy,2003,Flood,2,3.0,1350.0,0.0,1372700000.0,14930.0
Italy,2004,Storm,1,2.0,200.0,0.0,0.0,
Italy,2005,Extreme temperature,1,9.0,0.0,0.0,0.0,-21.0
Italy,2006,Mass movement (wet),1,4.0,150.0,0.0,0.0,
Italy,2006,Storm,1,1.0,0.0,0.0,0.0,
Italy,2007,Extreme temperature,1,6.0,0.0,0.0,0.0,45.0
Italy,2007,Wildfire,1,11.0,0.0,0.0,0.0,
Italy,2008,Flood,3,9.0,300.0,0.0,405037000.0,5425.0
Italy,2009,Earthquake,1,300.0,0.0,70000.0,3655417000.0,6.3
Italy,2009,Extreme temperature,1,0.0,0.0,0.0,0.0,-16.0
Italy,2009,Flood,1,35.0,0.0,5000.0,29243000.0,
Italy,2009,Storm,1,3.0,0.0,0.0,0.0,
Italy,2009,Wildfire,1,2.0,0.0,0.0,168149000.0,
Italy,2010,Extreme temperature,1,0.0,0.0,0.0,0.0,
Italy,2010,Flood,1,0.0,300.0,0.0,0.0,18725.0
Italy,2010,Storm,1,3.0,30800.0,0.0,1254436000.0,
Italy,2011,Extreme temperature,1,10.0,0.0,0.0,0.0,47.0
Italy,2011,Flood,2,16.0,0.0,0.0,760030000.0,
Italy,2012,Drought,1,0.0,0.0,0.0,1625870000.0,
Italy,2012,Earthquake,2,24.0,11000.0,14000.0,21587179000.0,5.9
Italy,2012,Extreme temperature,1,45.0,0.0,0.0,181170000.0,-25.0
Italy,2012,Flood,1,6.0,20000.0,0.0,20494000.0,
Italy,2013,Flood,1,18.0,2700.0,0.0,1050311000.0,
Italy,2014,Flood,4,10.0,8690.0,1000.0,1109073000.0,11256.0
Italy,2014,Storm,1,5.0,0.0,0.0,331264000.0,
Italy,2015,Flood,2,4.0,550.0,0.0,362635000.0,
Italy,2015,Storm,1,3.0,0.0,0.0,1150110000.0,200.0
Italy,2016,Earthquake,3,297.0,29729.0,0.0,7057790000.0,6.266666666666667
Italy,2016,Flood,1,1.0,400.0,0.0,130700000.0,
Italy,2017,Drought,1,0.0,0.0,0.0,2943397000.0,
Italy,2017,Earthquake,2,31.0,2600.0,0.0,23035000.0,4.8
Italy,2017,Flood,1,1.0,1000.0,0.0,159967000.0,
Italy,2017,Storm,2,13.0,1000.0,0.0,280902000.0,
Italy,2018,Extreme temperature,2,1.0,0.0,0.0,0.0,40.0
Italy,2018,Flood,1,10.0,23.0,0.0,0.0,
Italy,2018,Storm,1,12.0,2200.0,0.0,1374148000.0,
Italy,2018,Volcanic activity,1,0.0,300.0,0.0,143661000.0,
Italy,2019,Extreme temperature,1,3.0,0.0,0.0,0.0,
Italy,2019,Flood,1,0.0,1200.0,0.0,0.0,
Italy,2019,Storm,4,4.0,542.0,0.0,0.0,
Italy,2020,Flood,3,4.0,960.0,0.0,84842000.0,
Italy,2020,Mass movement (wet),1,3.0,180.0,0.0,0.0,
Italy,2020,Storm,3,7.0,10900.0,0.0,72722000.0,
Italy,2021,Flood,1,1.0,0.0,0.0,0.0,
Italy,2021,Wildfire,1,0.0,11600.0,0.0,68302000.0,
Italy,2022,Drought,1,0.0,0.0,0.0,0.0,
Italy,2022,Extreme temperature,1,18010.0,0.0,0.0,0.0,40.8
Italy,2022,Flood,1,12.0,0.0,0.0,0.0,
Italy,2022,Glacial lake outburst flood,1,11.0,0.0,0.0,0.0,
Italy,2022,Mass movement (wet),1,12.0,230.0,0.0,0.0,
Italy,2022,Storm,1,2.0,50.0,0.0,0.0,
Italy,2023,Drought,1,0.0,0.0,0.0,0.0,
Italy,2023,Extreme temperature,1,12743.0,0.0,0.0,0.0,48.8
Italy,2023,Flood,2,17.0,46500.0,0.0,10037577000.0,
Italy,2023,Mass movement (wet),1,1.0,0.0,0.0,0.0,
Italy,2023,Storm,3,10.0,1200.0,0.0,102950000.0,110.0
Italy,2024,Storm,2,4.0,1000.0,0.0,0.0,
Japan,2000,Earthquake,2,1.0,6790.0,312.0,910827000.0,6.4
Japan,2000,Flood,1,18.0,360000.0,0.0,13553109000.0,
Japan,2000,Storm,3,13.0,192900.0,0.0,3734391000.0,143.0
Japan,2000,Volcanic activity,2,0.0,16400.0,0.0,0.0,
Japan,2001,Earthquake,1,2.0,11100.0,0.0,885793000.0,6.8
Japan,2001,Flood,1,1.0,138.0,0.0,0.0,
Japan,2001,Storm,4,22.0,9508.0,12.0,2303062000.0,117.5
Japan,2002,Storm,5,7.0,100570.0,0.0,44471000.0,108.0
Japan,2002,Wildfire,1,0.0,222.0,0.0,0.0,2.0
Japan,2003,Earthquake,3,2.0,19563.0,219.0,2058197000.0,6.633333333333333
Japan,2003,Flood,1,23.0,800.0,0.0,11937000.0,8080.0
Japan,2003,Storm,2,21.0,2230.0,0.0,179048000.0,172.5
Japan,2004,Earthquake,1,40.0,59000.0,0.0,46501138000.0,6.6
Japan,2004,Extreme temperature,1,10.0,0.0,0.0,0.0,39.5
Japan,2004,Flood,2,22.0,22290.0,5800.0,3238472000.0,7060.0
Japan,2004,Storm,8,199.0,329556.0,0.0,25149641000.0,211.0
Japan,2005,Earthquake,2,1.0,3637.0,0.0,642503000.0,6.05
Japan,2005,Flood,1,0.0,900.0,0.0,0.0,
Japan,2005,Storm,3,135.0,271890.0,0.0,1659266000.0,126.0
Japan,2006,Flood,2,42.0,10500.0,0.0,0.0,27010.0
Japan,2006,Storm,3,20.0,12087.0,99.0,3890153000.0,
Japan,2007,Earthquake,3,10.0,13189.0,40668.0,19289510000.0,6.133333333333333
Japan,2007,Extreme temperature,1,62.0,0.0,0.0,0.0,40.9
Japan,2007,Flood,1,2.0,10000.0,0.0,0.0,2670.0
Japan,2007,Storm,3,13.0,40900.0,0.0,1603677000.0,195.0
Japan,2008,Earthquake,2,24.0,270.0,0.0,403581000.0,6.85
Japan,2008,Extreme temperature,1,47.0,0.0,0.0,0.0,
Japan,2008,Flood,1,5.0,50000.0,0.0,0.0,52420.0
Japan,2009,Earthquake,1,1.0,25000.0,0.0,584867000.0,6.2
Japan,2009,Extreme temperature,1,16.0,0.0,0.0,0.0,
Japan,2009,Mass movement (wet),2,44.0,400.0,0.0,0.0,
Japan,2009,Storm,2,16.0,7000.0,0.0,1462167000.0,220.0
Japan,2010,Extreme temperature,1,170.0,15000.0,0.0,0.0,35.0
Japan,2010,Flood,1,10.0,0.0,0.0,0.0,
Japan,2011,Earthquake,2,19848.0,362887.0,0.0,292855483000.0,8.1
Japan,2011,Extreme temperature,1,36.0,0.0,0.0,0.0,35.0
Japan,2011,Flood,1,6.0,2000.0,0.0,0.0,
Japan,2011,Storm,3,86.0,1300.0,0.0,3514265000.0,160.0
Japan,2012,Flood,1,30.0,48135.0,0.0,1912788000.0,
Japan,2012,Storm,6,143.0,51551.0,0.0,413163000.0,135.33333333333334
Japan,2013,Earthquake,1,0.0,8406.0,0.0,0.0,5.8
Japan,2013,Extreme temperature,1,338.0,0.0,0.0,0.0,41.0
Japan,2013,Flood,1,5.0,3633.0,0.0,2693000.0,
Japan,2013,Storm,7,57.0,63054.0,0.0,296510000.0,
Japan,2014,Earthquake,1,0.0,2466.0,150.0,2650000.0,6.2
Japan,2014,Extreme temperature,1,27.0,0.0,0.0,0.0,39.0
Japan,2014,Mass movement (wet),1,82.0,0.0,0.0,50352000.0,
Japan,2014,Storm,9,129.0,36465.0,0.0,8799704000.0,172.5
Japan,2014,Volcanic activity,1,63.0,0.0,0.0,0.0,
Japan,2015,Extreme temperature,3,39.0,0.0,0.0,0.0,
Japan,2015,Flood,1,21.0,45000.0,0.0,1852882000.0,
Japan,2015,Storm,6,11.0,60828.0,0.0,304667000.0,203.25
Japan,2016,Earthquake,3,58.0,393243.0,23991.0,75936579000.0,6.666666666666667
Japan,2016,Extreme temperature,2,11.0,0.0,0.0,0.0,
Japan,2016,Flood,1,7.0,6000.0,0.0,0.0,18480.56
Japan,2016,Storm,4,25.0,9633.0,0.0,130700000.0,185.0
Japan,2017,Flood,1,37.0,2610.0,300.0,895817000.0,
Japan,2017,Storm,3,12.0,41538.0,0.0,1922166000.0,165.33333333333334
Japan,2018,Earthquake,2,46.0,25898.0,0.0,5621515000.0,6.05
Japan,2018,Extreme temperature,1,119.0,0.0,0.0,0.0,41.1
Japan,2018,Flood,1,246.0,1500000.0,0.0,11867643000.0,109672.31
Japan,2018,Storm,3,24.0,25500.0,0.0,21236834000.0,218.0
Japan,2019,Earthquake,1,0.0,432.0,0.0,0.0,6.4
Japan,2019,Extreme temperature,2,173.0,0.0,0.0,0.0,30.0
Japan,2019,Flood,3,13.0,1170.0,0.0,122699000.0,22343.083333333332
Japan,2019,Storm,4,102.0,512000.0,0.0,32036689000.0,165.0
Japan,2020,Flood,1,82.0,250000.0,0.0,7029819000.0,28547.82
Japan,2020,Storm,3,23.0,0.0,0.0,242408000.0,180.0
Japan,2021,Earthquake,2,1.0,8247.0,60.0,9550638000.0,7.05
Japan,2021,Flood,2,12.0,30300.0,0.0,115765000.0,
Japan,2021,Mass movement (wet),1,26.0,900.0,0.0,289413000.0,
Japan,2021,Storm,1,23.0,0.0,0.0,2315306000.0,
Japan,2022,Earthquake,1,3.0,558.0,0.0,9432485000.0,7.3
Japan,2022,Extreme temperature,1,80.0,0.0,0.0,0.0,37.0
Japan,2022,Flood,1,2.0,11100.0,0.0,151134000.0,
Japan,2022,Storm,4,27.0,14913.0,0.0,2949796000.0,95.33333333333333
Japan,2023,Earthquake,1,1.0,2157.0,54.0,0.0,6.2
Japan,2023,Flood,1,6.0,4200.0,0.0,0.0,
Japan,2023,Storm,4,8.0,4200.0,0.0,0.0,217.5
Japan,2024,Earthquake,1,551.0,401274.0,89898.0,15000000000.0,7.5
Japan,2024,Extreme temperature,1,123.0,0.0,0.0,0.0,41.0
Japan,2024,Flood,1,6.0,11.0,0.0,800000000.0,
Japan,2024,Storm,3,18.0,7200.0,0.0,500000000.0,215.0
Pakistan,2000,Epidemic,3,109.0,258.0,0.0,0.0,
Pakistan,2000,Extreme temperature,1,24.0,0.0,0.0,0.0,46.0
Pakistan,2001,Earthquake,1,12.0,914192.0,0.0,886000.0,7.7
Pakistan,2001,Epidemic,1,0.0,5000.0,0.0,0.0,
Pakistan,2001,Flood,1,210.0,400000.0,0.0,435810000.0,111100.0
Pakistan,2001,Mass movement (wet),2,31.0,0.0,0.0,0.0,
Pakistan,2001,Storm,1,4.0,0.0,500.0,0.0,
Pakistan,2002,Earthquake,3,39.0,151742.0,4000.0,0.0,6.0
Pakistan,2002,Epidemic,1,10.0,25.0,0.0,0.0,
Pakistan,2002,Extreme temperature,2,113.0,0.0,0.0,0.0,25.0
Pakistan,2002,Flood,3,37.0,3000.0,1000.0,52000.0,4900.0
Pakistan,2002,Storm,1,14.0,0.0,0.0,0.0,
Pakistan,2003,Extreme temperature,1,200.0,0.0,0.0,0.0,50.0
Pakistan,2003,Flood,3,266.0,1265767.0,0.0,0.0,3299.0
Pakistan,2003,Mass movement (wet),1,12.0,0.0,0.0,0.0,
Pakistan,2003,Storm,1,51.0,0.0,2500.0,0.0,
Pakistan,2004,Earthquake,1,24.0,10765.0,2320.0,0.0,5.5
Pakistan,2004,Epidemic,1,2.0,0.0,0.0,0.0,
Pakistan,2004,Flood,2,5.0,0.0,0.0,0.0,
Pakistan,2005,Earthquake,1,73338.0,0.0,5000000.0,8352544000.0,7.6
Pakistan,2005,Epidemic,2,42.0,0.0,0.0,0.0,
Pakistan,2005,Extreme temperature,1,106.0,0.0,0.0,0.0,50.0
Pakistan,2005,Flood,5,636.0,7523073.0,3500.0,48188000.0,82870.0
Pakistan,2005,Mass movement (wet),1,24.0,0.0,0.0,0.0,
Pakistan,2005,Storm,1,58.0,0.0,0.0,0.0,
Pakistan,2006,Extreme temperature,1,84.0,0.0,0.0,0.0,50.0
Pakistan,2006,Flood,7,400.0,2000.0,5600.0,0.0,22659.0
Pakistan,2006,Mass movement (wet),1,29.0,0.0,0.0,0.0,
Pakistan,2007,Flood,6,526.0,2500.0,0.0,494898000.0,44221.0
Pakistan,2007,Mass movement (wet),3,143.0,2.0,0.0,0.0,
Pakistan,2007,Storm,1,242.0,1650000.0,0.0,2450902000.0,
Pakistan,2008,Earthquake,1,166.0,75000.0,0.0,14570000.0,6.4
Pakistan,2008,Flood,3,83.0,290752.0,0.0,150068000.0,99195.0
Pakistan,2009,Flood,3,102.0,75000.0,0.0,0.0,20465.0
Pakistan,2010,Flood,4,2113.0,20360550.0,0.0,13666451000.0,61168.666666666664
Pakistan,2010,Mass movement (wet),2,50.0,30333.0,0.0,25894000.0,
Pakistan,2010,Storm,1,23.0,4000.0,0.0,115086000.0,
Pakistan,2011,Earthquake,1,2.0,1000.0,0.0,0.0,7.2
Pakistan,2011,Flood,1,509.0,5400000.0,0.0,3486375000.0,32667.0
Pakistan,2012,Flood,3,518.0,5047662.0,0.0,3415693000.0,60650.0
Pakistan,2012,Mass movement (wet),2,153.0,0.0,0.0,0.0,
Pakistan,2013,Earthquake,3,462.0,200150.0,0.0,134655000.0,7.3999999999999995
Pakistan,2013,Flood,2,268.0,1496870.0,0.0,2019829000.0,462763.09
Pakistan,2014,Extreme temperature,1,139.0,0.0,0.0,23851000.0,
Pakistan,2014,Flood,1,255.0,2530000.0,0.0,2650114000.0,253686.0
Pakistan,2014,Storm,1,16.0,0.0,0.0,0.0,
Pakistan,2015,Earthquake,2,283.0,366945.0,133900.0,0.0,6.9
Pakistan,2015,Extreme temperature,1,1229.0,80000.0,0.0,0.0,45.0
Pakistan,2015,Flood,6,367.0,1576991.0,0.0,1323000.0,77224.38
Pakistan,2015,Mass movement (dry),1,13.0,0.0,0.0,0.0,
Pakistan,2016,Earthquake,1,6.0,100.0,0.0,0.0,6.6
Pakistan,2016,Flood,7,369.0,3135.0,7360.0,2614000.0,71589.83499999999
Pakistan,2016,Storm,1,34.0,0.0,0.0,0.0,
Pakistan,2017,Epidemic,1,25.0,0.0,0.0,0.0,
Pakistan,2017,Flood,2,180.0,62200.0,0.0,140771000.0,
Pakistan,2017,Mass movement (wet),1,9.0,110.0,0.0,0.0,
Pakistan,2017,Storm,2,26.0,0.0,0.0,0.0,
Pakistan,2018,Extreme temperature,1,180.0,0.0,0.0,0.0,42.0
Pakistan,2018,Flood,1,60.0,5000.0,0.0,0.0,
Pakistan,2019,Drought,1,77.0,4680912.0,0.0,0.0,
Pakistan,2019,Earthquake,1,39.0,129652.0,0.0,20859000.0,5.6
Pakistan,2019,Epidemic,1,95.0,0.0,0.0,0.0,
Pakistan,2019,Flood,8,206.0,800.0,0.0,0.0,
Pakistan,2019,Storm,1,39.0,0.0,0.0,0.0,
Pakistan,2020,Flood,4,507.0,1559155.0,695.0,1818057000.0,
Pakistan,2020,Infestation,1,0.0,0.0,0.0,0.0,
Pakistan,2020,Mass movement (wet),1,16.0,0.0,0.0,0.0,
Pakistan,2020,Storm,1,107.0,1000000.0,0.0,0.0,
Pakistan,2021,Earthquake,1,21.0,63800.0,0.0,0.0,5.9
Pakistan,2021,Epidemic,1,0.0,0.0,0.0,0.0,
Pakistan,2021,Flood,4,220.0,90.0,250.0,11577000.0,
Pakistan,2021,Storm,2,23.0,0.0,0.0,0.0,
Pakistan,2022,Earthquake,1,43.0,0.0,0.0,0.0,5.9
Pakistan,2022,Extreme temperature,1,0.0,0.0,0.0,0.0,50.0
Pakistan,2022,Flood,1,1739.0,33000000.0,0.0,16078100000.0,
Pakistan,2022,Storm,1,22.0,0.0,0.0,0.0,
Pakistan,2022,Wildfire,1,4.0,4000.0,0.0,0.0,
Pakistan,2023,Earthquake,1,11.0,860.0,0.0,0.0,6.5
Pakistan,2023,Extreme temperature,1,22.0,0.0,0.0,0.0,49.0
Pakistan,2023,Flood,9,335.0,119305.0,0.0,0.0,
Pakistan,2023,Mass movement (wet),1,11.0,0.0,0.0,0.0,
Pakistan,2023,Storm,1,1.0,0.0,0.0,0.0,
Pakistan,2024,Extreme temperature,2,568.0,0.0,0.0,0.0,51.5
Pakistan,2024,Flood,2,408.0,553838.0,400.0,0.0,
Pakistan,2024,Storm,2,106.0,17800.0,0.0,0.0,
Portugal,2000,Storm,1,5.0,173.0,0.0,0.0,100.0
Portugal,2001,Flood,1,6.0,983.0,0.0,0.0,10600.0
Portugal,2001,Wildfire,1,0.0,0.0,0.0,0.0,428.0
Portugal,2002,Flood,1,1.0,252.0,0.0,0.0,
Portugal,2003,Extreme temperature,1,2696.0,0.0,0.0,0.0,
Portugal,2003,Flood,1,0.0,36.0,0.0,0.0,
Portugal,2003,Wildfire,1,14.0,150000.0,0.0,2950026000.0,4260.0
Portugal,2004,Drought,1,0.0,0.0,0.0,2222316000.0,
Portugal,2004,Wildfire,1,2.0,0.0,0.0,0.0,1080.0
Portugal,2005,Extreme temperature,1,462.0,0.0,0.0,0.0,
Portugal,2005,Wildfire,1,15.0,0.0,0.0,2650327000.0,
Portugal,2006,Extreme temperature,1,41.0,0.0,0.0,0.0,47.0
Portugal,2006,Flood,1,3.0,367.0,0.0,0.0,
Portugal,2008,Flood,1,2.0,72.0,38.0,0.0,
Portugal,2009,Extreme temperature,1,0.0,0.0,0.0,0.0,
Portugal,2010,Extreme temperature,1,0.0,0.0,0.0,0.0,
Portugal,2010,Flood,1,43.0,600.0,0.0,1942075000.0,483.0
Portugal,2010,Storm,1,3.0,0.0,0.0,388415000.0,140.0
Portugal,2013,Storm,2,1.0,3900.0,46.0,0.0,130.0
Portugal,2013,Wildfire,1,9.0,0.0,0.0,0.0,
Portugal,2014,Storm,2,1.0,50.0,0.0,0.0,
Portugal,2016,Wildfire,1,4.0,699.0,462.0,205199000.0,
Portugal,2017,Wildfire,2,109.0,500.0,2700.0,936768000.0,1270.0
Portugal,2018,Extreme temperature,1,0.0,0.0,0.0,0.0,45.2
Portugal,2018,Storm,1,2.0,60.0,0.0,144286000.0,176.0
Portugal,2018,Wildfire,1,0.0,250.0,0.0,0.0,
Portugal,2019,Storm,1,3.0,51.0,0.0,0.0,
Portugal,2022,Drought,1,0.0,0.0,0.0,0.0,
Portugal,2022,Extreme temperature,1,2212.0,0.0,0.0,0.0,47.0
Portugal,2022,Wildfire,1,3.0,0.0,0.0,0.0,
Portugal,2023,Extreme temperature,1,1432.0,0.0,0.0,0.0,
Portugal,2023,Wildfire,1,0.0,1400.0,0.0,0.0,
Portugal,2024,Wildfire,1,9.0,41329.0,0.0,520000000.0,
Russia,2000,Earthquake,1,0.0,0.0,19100.0,1676000.0,6.8
Russia,2000,Epidemic,5,0.0,2942.0,0.0,0.0,
Russia,2000,Extreme temperature,2,245.0,0.0,0.0,0.0,-7.0
Russia,2000,Flood,8,3.0,76501.0,0.0,79963000.0,192100.0
Russia,2000,Mass movement (wet),2,27.0,500.0,0.0,0.0,
Russia,2000,Storm,1,9.0,0.0,0.0,91000.0,
Russia,2000,Wildfire,4,0.0,0.0,0.0,0.0,575.0
Russia,2001,Extreme temperature,3,753.0,6000.0,0.0,177000.0,-17.666666666666668
Russia,2001,Flood,3,37.0,375305.0,0.0,515531000.0,1041716.6666666666
Russia,2001,Infestation,1,0.0,0.0,0.0,0.0,
Russia,2001,Storm,2,8.0,12000.0,400.0,30471000.0,
Russia,2001,Wildfire,2,0.0,0.0,0.0,0.0,392.5
Russia,2002,Extreme temperature,1,242.0,25000.0,0.0,0.0,-50.0
Russia,2002,Flood,4,200.0,381913.0,1500.0,953876000.0,61315.0
Russia,2002,Mass movement (wet),1,122.0,0.0,0.0,0.0,
Russia,2002,Storm,2,8.0,0.0,0.0,5232000.0,120.0
Russia,2002,Wildfire,3,0.0,0.0,120.0,0.0,1295.3333333333333
Russia,2003,Drought,1,0.0,1000000.0,0.0,0.0,
Russia,2003,Earthquake,1,3.0,0.0,1800.0,18075000.0,7.3
Russia,2003,Flood,1,0.0,600.0,0.0,0.0,8220.0
Russia,2003,Storm,1,0.0,0.0,0.0,0.0,
Russia,2003,Wildfire,1,0.0,0.0,0.0,0.0,17000.0
Russia,2004,Earthquake,1,0.0,138.0,0.0,0.0,4.9
Russia,2004,Flood,3,18.0,6520.0,0.0,94263000.0,368443.3333333333
Russia,2004,Storm,3,9.0,6000.0,0.0,9965000.0,100.0
Russia,2004,Wildfire,1,9.0,0.0,1000.0,0.0,245.0
Russia,2005,Flood,5,22.0,9045.0,0.0,38017000.0,
Russia,2005,Mass movement (wet),1,9.0,0.0,0.0,0.0,
Russia,2005,Storm,2,0.0,0.0,0.0,0.0,
Russia,2006,Earthquake,1,0.0,12000.0,0.0,85583000.0,7.6
Russia,2006,Extreme temperature,1,116.0,0.0,0.0,1556061000.0,-43.0
Russia,2006,Flood,3,0.0,7720.0,0.0,206040000.0,147486.66666666666
Russia,2007,Earthquake,1,2.0,25000.0,0.0,635419000.0,6.2
Russia,2007,Flood,1,0.0,14000.0,0.0,38960000.0,313200.0
Russia,2007,Storm,1,0.0,0.0,0.0,0.0,
Russia,2008,Earthquake,1,13.0,5135.0,0.0,0.0,5.8
Russia,2010,Drought,1,0.0,0.0,0.0,2014003000.0,
Russia,2010,Extreme temperature,3,55760.0,0.0,0.0,575430000.0,-13.666666666666666
Russia,2010,Flood,2,23.0,48464.0,0.0,94946000.0,
Russia,2010,Wildfire,2,61.0,5000.0,1200.0,2589433000.0,
Russia,2011,Flood,2,0.0,14169.0,0.0,29306000.0,
Russia,2011,Storm,1,1.0,0.0,0.0,4184000.0,
Russia,2012,Drought,1,0.0,0.0,0.0,1557556000.0,
Russia,2012,Extreme temperature,2,234.0,0.0,0.0,0.0,-34.0
Russia,2012,Flood,4,179.0,37397.0,5500.0,842993000.0,10482.0
Russia,2012,Wildfire,1,2.0,0.0,252.0,0.0,
Russia,2013,Flood,2,4.0,35635.0,0.0,1346552000.0,52455.8
Russia,2013,Impact,1,0.0,300000.0,0.0,44436000.0,
Russia,2014,Flood,1,6.0,22545.0,0.0,10600000.0,1829701.0
Russia,2015,Flood,1,1.0,1500.0,0.0,0.0,
Russia,2015,Wildfire,1,30.0,5000.0,0.0,181079000.0,
Russia,2016,Flood,3,0.0,11696.0,0.0,15684000.0,1834048.3
Russia,2017,Flood,1,0.0,15721.0,0.0,0.0,
Russia,2017,Storm,1,16.0,0.0,0.0,2559000.0,79.2
Russia,2018,Flood,2,10.0,14972.0,0.0,12492000.0,172029.58
Russia,2019,Flood,4,59.0,50000.0,0.0,596317000.0,413323.05
Russia,2019,Wildfire,1,0.0,0.0,0.0,130061000.0,
Russia,2021,Flood,3,8.0,28636.0,0.0,231531000.0,4231.93
Russia,2021,Mass movement (wet),1,6.0,3000.0,3.0,0.0,
Russia,2021,Wildfire,1,0.0,120.0,0.0,0.0,
Russia,2022,Flood,1,1.0,750.0,0.0,0.0,
Russia,2022,Storm,1,6.0,300.0,0.0,0.0,
Russia,2022,Wildfire,1,16.0,0.0,2190.0,0.0,
Russia,2023,Storm,3,15.0,13200.0,0.0,0.0,86.0
Russia,2023,Wildfire,1,21.0,15000.0,0.0,51475000.0,
Russia,2024,Flood,1,3.0,38400.0,0.0,227000000.0,
Saudi Arabia,2000,Epidemic,2,133.0,497.0,0.0,0.0,
Saudi Arabia,2001,Epidemic,1,35.0,74.0,0.0,0.0,
Saudi Arabia,2002,Flood,1,19.0,0.0,0.0,0.0,22810.0
Saudi Arabia,2003,Flood,2,12.0,13000.0,0.0,0.0,
Saudi Arabia,2004,Flood,1,5.0,400.0,0.0,0.0,2680.0
Saudi Arabia,2005,Flood,2,63.0,50.0,0.0,0.0,22760.0
Saudi Arabia,2009,Flood,1,161.0,0.0,10000.0,1315950000.0,114600.0
Saudi Arabia,2010,Flood,2,24.0,85.0,0.0,0.0,201100.0
Saudi Arabia,2011,Flood,1,11.0,0.0,0.0,418365000.0,30361.0
Saudi Arabia,2012,Flood,1,19.0,0.0,0.0,0.0,233126.0
Saudi Arabia,2013,Flood,2,39.0,1021.0,0.0,0.0,
Saudi Arabia,2015,Flood,2,23.0,0.0,0.0,2647000.0,
Saudi Arabia,2016,Flood,2,21.0,915.0,0.0,0.0,
Saudi Arabia,2016,Storm,1,3.0,120.0,0.0,65350000.0,
Saudi Arabia,2017,Flood,1,4.0,481.0,0.0,0.0,181054.82
Saudi Arabia,2019,Flood,3,20.0,1407.0,0.0,0.0,435236.22
Saudi Arabia,2020,Flood,1,3.0,600.0,0.0,0.0,
Saudi Arabia,2024,Extreme temperature,1,1301.0,0.0,0.0,0.0,51.8
Spain,2000,Flood,2,26.0,8500.0,0.0,136624000.0,26690.0
Spain,2000,Wildfire,1,0.0,0.0,0.0,0.0,615.0
Spain,2001,Epidemic,1,2.0,751.0,0.0,0.0,
Spain,2001,Storm,1,10.0,0.0,0.0,127554000.0,140.0
Spain,2003,Extreme temperature,1,15090.0,0.0,0.0,1500591000.0,40.0
Spain,2003,Wildfire,1,5.0,200.0,0.0,0.0,1190.0
Spain,2004,Extreme temperature,1,26.0,0.0,0.0,0.0,
Spain,2004,Flood,1,0.0,600.0,0.0,23724000.0,
Spain,2004,Wildfire,1,3.0,1000.0,0.0,4982000.0,420.0
Spain,2005,Extreme temperature,1,9.0,0.0,0.0,0.0,
Spain,2005,Wildfire,1,11.0,0.0,0.0,3292830000.0,
Spain,2006,Extreme temperature,1,21.0,0.0,0.0,0.0,40.0
Spain,2006,Flood,1,2.0,289.0,0.0,0.0,
Spain,2006,Wildfire,1,4.0,0.0,0.0,1025444000.0,
Spain,2007,Flood,3,5.0,16600.0,0.0,605161000.0,1250.0
Spain,2007,Storm,1,1.0,0.0,0.0,0.0,
Spain,2009,Storm,2,14.0,1793.0,0.0,2778117000.0,
Spain,2009,Wildfire,1,6.0,0.0,0.0,0.0,170.0
Spain,2010,Flood,2,2.0,14000.0,0.0,0.0,
Spain,2010,Storm,1,3.0,0.0,0.0,489115000.0,160.0
Spain,2011,Earthquake,1,10.0,0.0,15000.0,278910000.0,5.1
Spain,2011,Flood,1,1.0,2400.0,0.0,0.0,
Spain,2012,Flood,2,11.0,720.0,0.0,539679000.0,
Spain,2012,Wildfire,1,4.0,0.0,0.0,0.0,
Spain,2013,Flood,1,0.0,600.0,0.0,0.0,
Spain,2013,Storm,1,0.0,0.0,0.0,0.0,
Spain,2014,Storm,1,3.0,0.0,0.0,0.0,
Spain,2015,Flood,2,4.0,1750.0,0.0,2647000.0,200.0
Spain,2016,Flood,1,5.0,150.0,0.0,65350000.0,
Spain,2017,Wildfire,2,4.0,1500.0,0.0,0.0,
Spain,2018,Extreme temperature,1,9.0,0.0,0.0,0.0,46.6
Spain,2018,Flood,1,13.0,200.0,0.0,187384000.0,
Spain,2018,Storm,1,2.0,0.0,0.0,0.0,160.0
Spain,2018,Wildfire,1,0.0,0.0,0.0,0.0,
Spain,2019,Extreme temperature,1,2.0,0.0,0.0,0.0,
Spain,2019,Flood,4,17.0,3570.0,0.0,3138638000.0,3422.5
Spain,2019,Storm,3,8.0,320.0,0.0,0.0,100.0
Spain,2020,Storm,1,17.0,2000.0,0.0,381792000.0,100.0
Spain,2021,Flood,2,3.0,250.0,0.0,163230000.0,
Spain,2021,Storm,1,5.0,0.0,0.0,2199541000.0,
Spain,2022,Extreme temperature,1,11324.0,0.0,0.0,0.0,43.2
Spain,2022,Wildfire,1,0.0,3500.0,0.0,0.0,
Spain,2023,Drought,1,0.0,26000.0,0.0,2470788000.0,
Spain,2023,Extreme temperature,1,8352.0,0.0,0.0,0.0,45.4
Spain,2023,Flood,1,3.0,6000.0,0.0,380913000.0,
Spain,2023,Storm,2,1.0,0.0,0.0,0.0,203.0
Spain,2023,Wildfire,1,0.0,800.0,0.0,0.0,
Spain,2024,Flood,2,232.0,36615.0,0.0,11050000000.0,56.0
Spain,2024,Storm,1,1.0,0.0,0.0,0.0,
Sri Lanka,2000,Epidemic,1,2.0,113.0,0.0,0.0,
Sri Lanka,2000,Flood,2,5.0,400000.0,0.0,5465000.0,7800.0
Sri Lanka,2000,Storm,1,5.0,375000.0,0.0,0.0,150.0
Sri Lanka,2001,Drought,1,0.0,1000000.0,0.0,0.0,
Sri Lanka,2001,Flood,1,0.0,0.0,160.0,0.0,
Sri Lanka,2002,Flood,1,2.0,500000.0,0.0,0.0,14150.0
Sri Lanka,2003,Flood,1,235.0,695000.0,0.0,49451000.0,13490.0
Sri Lanka,2004,Earthquake,1,35399.0,516130.0,480000.0,2186384000.0,9.1
Sri Lanka,2004,Epidemic,1,88.0,15000.0,0.0,0.0,
Sri Lanka,2004,Flood,1,6.0,200000.0,0.0,0.0,23460.0
Sri Lanka,2005,Flood,1,6.0,145000.0,0.0,0.0,29870.0
Sri Lanka,2006,Flood,1,25.0,333000.0,0.0,4668000.0,6890.0
Sri Lanka,2007,Flood,3,33.0,406000.0,0.0,76000.0,7236.666666666667
Sri Lanka,2008,Flood,3,48.0,776905.0,0.0,0.0,62430.0
Sri Lanka,2008,Storm,1,9.0,50000.0,0.0,0.0,
Sri Lanka,2009,Epidemic,1,346.0,35007.0,0.0,0.0,
Sri Lanka,2009,Flood,3,3.0,320000.0,60000.0,0.0,15650.0
Sri Lanka,2010,Flood,2,35.0,770255.0,0.0,151050000.0,15545.0
Sri Lanka,2011,Epidemic,1,167.0,26343.0,0.0,0.0,
Sri Lanka,2011,Flood,3,65.0,233600.0,1060273.0,697275000.0,21012.0
Sri Lanka,2011,Storm,1,22.0,35000.0,0.0,0.0,
Sri Lanka,2012,Drought,1,0.0,1800000.0,0.0,0.0,
Sri Lanka,2012,Flood,1,53.0,447000.0,0.0,1640000.0,49084.0
Sri Lanka,2012,Storm,1,0.0,0.0,69000.0,77878000.0,
Sri Lanka,2013,Flood,2,110.0,73946.0,0.0,2693000.0,26063.0
Sri Lanka,2013,Storm,1,7.0,3478.0,3861.0,0.0,
Sri Lanka,2014,Drought,1,0.0,1800000.0,0.0,33126000.0,
Sri Lanka,2014,Flood,3,95.0,1204000.0,0.0,2650000.0,
Sri Lanka,2014,Mass movement (wet),3,241.0,1467.0,330.0,0.0,
Sri Lanka,2015,Flood,2,10.0,27300.0,0.0,0.0,
Sri Lanka,2016,Drought,1,0.0,900000.0,0.0,26140000.0,
Sri Lanka,2016,Flood,1,203.0,301602.0,0.0,1568397000.0,
Sri Lanka,2017,Epidemic,1,320.0,0.0,0.0,0.0,
Sri Lanka,2017,Flood,2,302.0,892975.0,0.0,497818000.0,22923.3
Sri Lanka,2017,Storm,1,27.0,160000.0,0.0,442789000.0,130.0
Sri Lanka,2018,Flood,3,34.0,303712.0,0.0,0.0,29246.23
Sri Lanka,2019,Drought,1,0.0,222091.0,0.0,0.0,
Sri Lanka,2019,Epidemic,1,28.0,0.0,0.0,0.0,
Sri Lanka,2019,Flood,5,30.0,532559.0,0.0,0.0,44781.54
Sri Lanka,2020,Flood,2,6.0,151659.0,0.0,0.0,
Sri Lanka,2020,Storm,1,4.0,1100.0,0.0,0.0,
Sri Lanka,2021,Flood,4,35.0,329891.0,0.0,0.0,
Sri Lanka,2021,Storm,1,0.0,879.0,0.0,0.0,
Sri Lanka,2022,Flood,3,12.0,149332.0,0.0,0.0,
Sri Lanka,2022,Storm,2,3.0,28838.0,0.0,0.0,100.0
Sri Lanka,2023,Flood,1,0.0,244504.0,0.0,0.0,
Sri Lanka,2023,Storm,4,9.0,44341.0,0.0,0.0,
Sri Lanka,2024,Flood,2,42.0,410854.0,0.0,0.0,
Sri Lanka,2024,Storm,2,20.0,597132.0,0.0,0.0,60.0
Sweden,2002,Epidemic,1,0.0,350.0,0.0,0.0,
Sweden,2002,Storm,1,1.0,0.0,0.0,0.0,
Sweden,2005,Extreme temperature,1,0.0,0.0,0.0,0.0,
Sweden,2005,Storm,1,7.0,0.0,0.0,4497524000.0,
Sweden,2013,Storm,1,7.0,0.0,0.0,0.0,
Sweden,2018,Wildfire,1,0.0,0.0,0.0,127421000.0,
Sweden,2020,Storm,1,1.0,0.0,0.0,0.0,
Sweden,2021,Flood,1,0.0,13500.0,0.0,81036000.0,
Sweden,2022,Extreme temperature,1,40.0,0.0,0.0,0.0,36.9
Sweden,2023,Extreme temperature,1,13.0,0.0,0.0,0.0,
UK,2000,Flood,3,3.0,44000.0,0.0,10780824000.0,5300.0
UK,2000,Storm,3,16.0,20100.0,0.0,2732482000.0,147.0
UK,2001,Epidemic,1,11.0,30.0,0.0,0.0,
UK,2001,Flood,2,0.0,1150.0,0.0,0.0,5680.0
UK,2002,Flood,3,1.0,1070.0,0.0,0.0,60.0
UK,2002,Storm,1,7.0,0.0,0.0,697571000.0,155.0
UK,2003,Extreme temperature,1,301.0,0.0,0.0,0.0,
UK,2004,Flood,1,0.0,1000.0,0.0,159432000.0,
UK,2005,Extreme temperature,2,1.0,0.0,0.0,0.0,-11.0
UK,2005,Flood,1,2.0,800.0,0.0,0.0,8930.0
UK,2005,Storm,2,10.0,3000.0,0.0,1124381000.0,170.0
UK,2007,Earthquake,1,0.0,4500.0,0.0,90774000.0,4.6
UK,2007,Flood,3,14.0,340200.0,30000.0,12781002000.0,17596.666666666668
UK,2007,Storm,1,13.0,0.0,0.0,1815483000.0,160.0
UK,2008,Flood,2,8.0,5000.0,0.0,72848000.0,
UK,2009,Extreme temperature,1,3.0,0.0,0.0,0.0,
UK,2009,Flood,1,3.0,3900.0,0.0,707689000.0,
UK,2009,Storm,1,2.0,180.0,0.0,0.0,160.0
UK,2010,Extreme temperature,1,0.0,0.0,0.0,0.0,
UK,2010,Flood,1,0.0,400.0,0.0,0.0,8727.0
UK,2010,Storm,1,0.0,0.0,0.0,719000.0,
UK,2012,Flood,4,8.0,3995.0,0.0,4523743000.0,8507.0
UK,2013,Extreme temperature,1,760.0,0.0,0.0,0.0,40.0
UK,2013,Flood,1,2.0,600.0,0.0,2019829000.0,
UK,2013,Storm,3,11.0,4200.0,0.0,0.0,130.0
UK,2014,Flood,1,2.0,1000.0,0.0,826836000.0,
UK,2014,Storm,1,5.0,18000.0,0.0,132506000.0,130.0
UK,2015,Flood,1,0.0,48000.0,0.0,1588184000.0,
UK,2015,Storm,1,3.0,15600.0,0.0,1588184000.0,
UK,2017,Flood,2,0.0,300.0,0.0,0.0,
UK,2018,Extreme temperature,1,820.0,0.0,0.0,0.0,33.2
UK,2018,Storm,2,2.0,780.0,0.0,12492000.0,112.0
UK,2019,Extreme temperature,2,166.0,0.0,0.0,0.0,38.7
UK,2019,Flood,1,1.0,4800.0,0.0,0.0,
UK,2020,Extreme temperature,1,2556.0,0.0,0.0,0.0,
UK,2020,Flood,1,0.0,480.0,0.0,0.0,
UK,2020,Storm,2,4.0,6400.0,0.0,0.0,150.0
UK,2021,Storm,1,1.0,0.0,0.0,0.0,
UK,2022,Drought,1,0.0,0.0,0.0,0.0,
UK,2022,Extreme temperature,1,3469.0,0.0,0.0,0.0,40.3
UK,2022,Storm,3,6.0,0.0,0.0,526656000.0,163.0
UK,2023,Extreme temperature,1,1851.0,0.0,0.0,0.0,
UK,2023,Storm,1,0.0,0.0,0.0,0.0,150.0
UK,2024,Storm,1,5.0,750.0,0.0,0.0,110.0
USA,2000,Drought,2,0.0,0.0,0.0,2003820000.0,
USA,2000,Earthquake,1,0.0,25000.0,104.0,91083000.0,4.9
USA,2000,Extreme temperature,1,35.0,0.0,0.0,0.0,38.0
USA,2000,Flood,8,8.0,1646.0,2000.0,520993000.0,27543.0
USA,2000,Storm,12,105.0,19218.0,3585.0,3380261000.0,249.0
USA,2000,Wildfire,7,14.0,35400.0,685.0,4554136000.0,97625.42857142857
USA,2001,Earthquake,1,1.0,0.0,0.0,3543173000.0,6.8
USA,2001,Extreme temperature,1,56.0,0.0,0.0,0.0,
USA,2001,Flood,5,12.0,19300.0,4500.0,58463000.0,19916.0
USA,2001,Storm,17,82.0,109404.0,71398.0,11212018000.0,
USA,2001,Wildfire,3,2.0,129.0,0.0,0.0,703.3333333333334
USA,2002,Drought,1,0.0,0.0,0.0,5754960000.0,
USA,2002,Epidemic,2,214.0,3624.0,0.0,0.0,
USA,2002,Extreme temperature,1,14.0,0.0,0.0,0.0,
USA,2002,Flood,4,26.0,147750.0,0.0,1899136000.0,49716.666666666664
USA,2002,Storm,15,190.0,18150.0,432.0,10943144000.0,177.25
USA,2002,Wildfire,8,0.0,3500.0,2977.0,404766000.0,617.125
USA,2003,Earthquake,1,2.0,0.0,120.0,341043000.0,6.5
USA,2003,Flood,4,24.0,3200.0,0.0,209742000.0,140950.0
USA,2003,Mass movement (wet),1,15.0,0.0,0.0,0.0,
USA,2003,Storm,14,172.0,227995.0,15231.0,25825514000.0,132.5
USA,2003,Wildfire,3,18.0,27000.0,750.0,5968260000.0,585.3333333333334
USA,2004,Extreme temperature,1,3.0,0.0,0.0,0.0,
USA,2004,Flood,4,1.0,5340.0,0.0,839511000.0,
USA,2004,Storm,12,215.0,5078900.0,753.0,91714808000.0,230.0
USA,2004,Wildfire,3,0.0,15200.0,282.0,0.0,1393.3333333333333
USA,2005,Extreme temperature,1,33.0,0.0,0.0,0.0,47.0
USA,2005,Flood,6,53.0,18250.0,0.0,1173099000.0,77462.5
USA,2005,Storm,8,1882.0,830165.0,132.0,254158288000.0,241.66666666666666
USA,2005,Wildfire,1,5.0,0.0,1410.0,160626000.0,
USA,2006,Earthquake,1,0.0,3519.0,0.0,233409000.0,6.7
USA,2006,Extreme temperature,2,188.0,0.0,0.0,0.0,47.0
USA,2006,Flood,11,40.0,74050.0,0.0,2300636000.0,52427.72727272727
USA,2006,Storm,12,93.0,5405.0,0.0,7356838000.0,171.33333333333334
USA,2006,Wildfire,4,17.0,0.0,567.0,336110000.0,350.0
USA,2007,Drought,1,0.0,0.0,0.0,453871000.0,
USA,2007,Flood,6,80.0,8770.0,0.0,1101393000.0,294470.95
USA,2007,Storm,13,264.0,7700.0,200.0,9180293000.0,156.85714285714286
USA,2007,Wildfire,3,8.0,650000.0,927.0,4258821000.0,
USA,2008,Earthquake,1,0.0,2100.0,0.0,0.0,5.9
USA,2008,Extreme temperature,1,0.0,0.0,0.0,0.0,
USA,2008,Flood,4,44.0,11032500.0,0.0,14572597000.0,200286.66666666666
USA,2008,Storm,14,258.0,2300550.0,0.0,66670871000.0,196.0
USA,2008,Wildfire,2,1.0,55000.0,300.0,3062548000.0,3500.0
USA,2009,Extreme temperature,1,58.0,0.0,0.0,1608384000.0,
USA,2009,Flood,4,11.0,9000.0,900.0,973803000.0,46086.666666666664
USA,2009,Storm,10,74.0,750.0,0.0,15191914000.0,137.0
USA,2009,Wildfire,2,2.0,0.0,426.0,146217000.0,
USA,2010,Earthquake,1,0.0,600.0,0.0,17982000.0,6.5
USA,2010,Flood,3,20.0,1000.0,0.0,0.0,297934.0
USA,2010,Storm,11,118.0,10700.0,0.0,13508208000.0,202.25
USA,2011,Drought,1,0.0,0.0,0.0,11156399000.0,
USA,2011,Extreme temperature,1,22.0,0.0,0.0,0.0,50.0
USA,2011,Flood,4,17.0,25100.0,11000.0,9204030000.0,132732.5
USA,2011,Storm,13,756.0,370600.0,15000.0,60593194000.0,228.75
USA,2011,Wildfire,3,8.0,0.0,6100.0,1928663000.0,
USA,2012,Drought,2,0.0,0.0,0.0,27325543000.0,
USA,2012,Extreme temperature,1,123.0,0.0,0.0,0.0,40.0
USA,2012,Flood,1,2.0,300.0,0.0,237732000.0,20116.0
USA,2012,Storm,19,190.0,89300.0,267.0,105950697000.0,160.5
USA,2012,Wildfire,2,3.0,1809.0,1038.0,1093021000.0,
USA,2013,Extreme temperature,1,19.0,0.0,0.0,269310000.0,
USA,2013,Flood,7,31.0,29325.0,5400.0,3066100000.0,134266.32833333334
USA,2013,Storm,15,140.0,175889.0,600.0,19662358000.0,295.0
USA,2013,Wildfire,5,22.0,111.0,2247.0,953898000.0,
USA,2014,Drought,1,0.0,0.0,0.0,2915125000.0,
USA,2014,Earthquake,1,1.0,3000.0,0.0,927540000.0,6.02
USA,2014,Extreme temperature,1,21.0,0.0,0.0,3312642000.0,-37.0
USA,2014,Flood,2,2.0,102040.0,0.0,2239346000.0,
USA,2014,Mass movement (wet),1,43.0,0.0,150.0,26501000.0,
USA,2014,Storm,13,136.0,1134.0,30.0,12678145000.0,130.5
USA,2014,Wildfire,1,2.0,429.0,0.0,132506000.0,
USA,2015,Drought,1,0.0,0.0,0.0,5955692000.0,
USA,2015,Flood,5,98.0,28600.0,0.0,4502503000.0,849464.6
USA,2015,Storm,19,218.0,4400.0,0.0,20805218000.0,109.75
USA,2015,Wildfire,4,12.0,600.0,12756.0,2583447000.0,
USA,2016,Earthquake,1,0.0,120.0,0.0,26140000.0,5.0
USA,2016,Flood,6,54.0,91000.0,0.0,19801018000.0,19554.02
USA,2016,Storm,16,199.0,85018800.0,570.0,36661291000.0,85.0
USA,2016,Wildfire,4,16.0,456.0,7805.0,1960497000.0,
USA,2017,Drought,1,0.0,0.0,0.0,3199345000.0,
USA,2017,Flood,3,30.0,300.0,0.0,2175554000.0,
USA,2017,Storm,17,263.0,757070.0,97012.0,218975949000.0,174.375
USA,2017,Wildfire,3,45.0,9.0,12108.0,19452015000.0,645.75
USA,2018,Drought,1,0.0,0.0,0.0,3747677000.0,
USA,2018,Flood,3,7.0,1596.0,0.0,968149000.0,
USA,2018,Mass movement (wet),1,21.0,1338.0,0.0,1124303000.0,
USA,2018,Storm,11,158.0,1505075.0,0.0,48563644000.0,156.66666666666666
USA,2018,Volcanic activity,1,0.0,2500.0,0.0,624613000.0,
USA,2018,Wildfire,3,104.0,250000.0,3237.0,28357420000.0,
USA,2019,Earthquake,1,0.0,150.0,0.0,245398000.0,7.1
USA,2019,Flood,4,10.0,16600.0,0.0,12269892000.0,
USA,2019,Storm,14,139.0,1000.0,165.0,13895653000.0,167.5
USA,2019,Wildfire,2,3.0,972.0,279.0,1993857000.0,
USA,2020,Drought,1,45.0,0.0,0.0,5454170000.0,
USA,2020,Flood,2,1.0,13000.0,0.0,2757386000.0,
USA,2020,Storm,19,175.0,27900.0,0.0,72813163000.0,151.0
USA,2020,Wildfire,1,32.0,0.0,0.0,13332415000.0,
USA,2021,Drought,1,0.0,0.0,0.0,10418879000.0,
USA,2021,Extreme temperature,1,229.0,0.0,0.0,0.0,46.8
USA,2021,Flood,12,58.0,1875.0,0.0,4399083000.0,
USA,2021,Storm,23,494.0,15050.0,0.0,140747472000.0,186.0
USA,2021,Wildfire,6,5.0,59305.0,2514.0,9417509000.0,
USA,2022,Drought,1,136.0,0.0,0.0,23581213000.0,
USA,2022,Earthquake,1,2.0,0.0,0.0,267968000.0,6.4
USA,2022,Flood,3,42.0,1075.0,0.0,1607810000.0,
USA,2022,Storm,18,322.0,3312.0,0.0,132247726000.0,189.57142857142858
USA,2022,Wildfire,4,6.0,1545.0,663.0,327993000.0,
USA,2023,Drought,1,247.0,0.0,0.0,14927679000.0,
USA,2023,Extreme temperature,2,24.0,0.0,0.0,396356000.0,3.3500000000000014
USA,2023,Flood,4,13.0,2126.0,0.0,3397334000.0,
USA,2023,Storm,16,126.0,14987.0,1710.0,45786796000.0,147.5
USA,2023,Wildfire,2,130.0,8415.0,81.0,5662223000.0,
USA,2024,Drought,1,0.0,0.0,0.0,5400000000.0,
USA,2024,Extreme temperature,1,1006.0,0.0,0.0,0.0,40.0
USA,2024,Flood,3,7.0,6516.0,0.0,3800000000.0,
USA,2024,Storm,19,447.0,2481.0,1017.0,144825000000.0,164.0
USA,2024,Wildfire,5,4.0,2271.0,927.0,1910000000.0,
